"Word1";"Word2";"Word3";"Word4";"Word5";"Word6";"Word7";"Word8";"Word9";"Word10";"Word11";"Word12";"Word13";"Word14";"Word15";"Word16";"Word17";"Word18";"Word19";"Word20";"Word21";"Word22";"Word23";"Word24";"Word25";"Word26";"Word27";"Word28";"Word29";"Word30";"Word31";"Word32";"Word33";"Word34";"Word35";"Word36";"Word37";"Word38";"Word39";"Word40";"Word41";"Word42";"Word43";"Word44";"Word45";"Word46";"Word47";"Word48";"Char1";"Char2";"Char3";"Char4";"Char5";"Char6";"Capitalrun1";"Capitalrun2";"Capitalrun3";"Spam"
1,88;0;0;0;0;0;0;0;0;0;0;0,31;0;0;0;0;0;0;0,31;0;0;0;0;0;0;0;0;0;0;0;0;0;0;0;0;0;0;0;0;0;0;0;0;0;0;0;0;0;0;0,168;0;0,112;0;0,056;2,933;23;311;0
0,68;0,17;0,51;0;0,34;0;0,51;0;0;0,51;0;0,51;0,51;0,17;0,17;0,34;0,17;1,02;4,96;0;1,36;0;0;0;0;0;0;0;0;0;0;0;0;0;0;0;0;0;0;0;0;0;0;0;0,34;0;0;0;0,063;0,095;0;0,126;0;0;2,285;40;224;1
0;0;0;0;0;0;0;0;0;1,19;0;2,38;0;0;0;0;0;0;1,19;0;0;0;0;0;1,19;1,19;0;2,38;0;0;0;0;0;0;0;1,19;0;0;0;0;0;0;0;0;0;0;0;0;0;0,621;0;0;0;0;2,617;11;89;0
0;14,28;0;0;0;0;0;0;0;0;0;0;0;0;0;0;0;0;0;0;0;0;0;0;0;0;0;0;0;0;0;0;0;0;0;0;0;0;0;0;0;0;0;0;0;0;0;0;0;0;0;0;0;0;1,8;5;9;0
0,52;0;1,05;0;0,52;0;0;0;0;0;0;3,17;0;0;0;0;0;0;0,52;0;0;0;0;0;2,64;2,64;0,52;0;0;0;0;0;0;0;0;0,52;1,05;0;2,64;0;0;0,52;0,52;1,58;0,52;0;0;0,52;0,084;0,169;0,084;0;0;0;1,577;12;112;0
0;0;0;0;0;0,67;0;0,67;0;0;0;2,02;0;0;0;0;0;0;0;0;0;0;0;0;2,02;1,35;0;1,35;0;0;0;0;0;0;0,67;0;0;0;0;0;0;0;0;0;0;0;0;0;0;0,205;0;0;0;0;2,84;24;142;0
0;0;0;0;0,64;0;0,64;0;0;0;0;0,64;0;0;0;0;0;0;5,8;0;0,64;0;0;0;0;0;0;0;0;0;0;0;0;0;0;0;0;0;0;0;0;0;0;0;0,64;0;0;0;0;0;0;1,44;0;0;2,875;21;115;1
0;0,51;0;0;0;0;0;0;0;0,51;1,02;0,51;0;0;0;0,25;0,76;1,27;2,04;0;0,76;0;0;0;0;0;0;0;0;0;0;0;0;0;0;0;0;0;0;0,25;0;0;0;0;0;0;0;0;0;0,457;0;0,29;0;0,124;2,614;66;149;1
0,47;0;1,19;0;0,23;0,23;0;0;0;0,47;0;1,43;0;0;0;0,71;1,43;0;5,26;0;2,63;0;0,71;0,23;0;0;0;0;0;0;0;0;0;0;0;0;0;0;0,23;0;0;0;0;0;0;0;0;0;0;0,178;0;0,402;0,402;0,089;5,681;49;392;1
0;0;0;0;0;0;0;0;0;0,88;0;0;0;0;0;0;0;0;1,76;0;0;0;0;0;0;0;0;0;0;0;0;0;0;0;0;0;0,88;0;0,88;0;0;0;0;0;0;1,76;0;0;0;0,157;0;0,157;0;0;2;15;84;0
0;0;2,91;0;0;0;0;0;0;0;0;0;0;0;0;0;0;0;1,94;0;0;0;0;0;0;0;0;0;0;0;0;0;0;0;0;0;0;0;0;0;0;0;0;0;0;0;0;0;0;0,389;0;0,389;0;0;1,26;3;29;0
0;0;0,15;0;0,62;0;0,31;0;1,09;0;0;0;0,46;0;0;0,15;0,15;1,4;2,19;0;1,09;0;0,62;0;0;0;0;0;0;0;0;0;0;0;0;0;0;0;0;0;0;0;0;0;0;0;0;0;0;0,252;0;0,378;4,017;0;3,278;23;259;1
0;0;0;0;0;0;0;0;0;0;0;0;0;0;0;0;0;0;0;0;0;0;0;0;20;0;0;0;0;0;0;0;0;0;0;0;0;0;0;0;0;0;0;0;0;0;0;0;0;0;0;0;0;0;3,333;14;20;0
0;0;0;0;0;0;0;0;0;0;0;0;0;0;0;0;0;0;0;0;0;0;0;0;0;0;0;0;0;0;0;0;0;0;0;0;0;0;0;0;0;0;0;0;0;0;0;0;0;0;0;0;0;0;5,5;9;11;0
0;0;0,43;0;0;0;0;0;0;0;0;0,43;1,29;0;0;0;0;0;1,29;0;0,43;0;0;0;0,86;0;0;0;0;0;0;0;0,43;0;0;0,86;0;0;0;0;0;0;0;0;0;0;0;0;0;0,22;0;0,146;0;0;1,341;6;55;0
0;0;0,76;0;0,76;0;0;0;0;0;0;0;0;0;0;0;0;0;0,76;0;0;0;0;0;0,76;0;1,52;0,76;0,76;1,52;0,76;0,76;0;0,76;0,76;0,76;0,76;0;0;0,76;0;0,76;0;0;2,29;0;0;0;0;0,254;0;0,127;0;0;1,755;11;79;0
0;0;0;0;0;0;0;0;0;0;0;0;0;0;0;0;0;0;1,57;0;0,78;0;0;0;0;0;0;0;0;0;0;0;0;0;0;0;0;0;0;0;0;0;0;0,78;0,78;0,78;0;0;0;0;0;0;0;0;2,848;51;94;0
0;0;0;0;0;0;0;0;0;0;0,61;0,61;0;0;0;0;0;0;0;0;0;0;0;0;1,85;0;0;0;0;0,61;0;0;0,61;0;0;0,61;0,61;0;0;0;0;0,61;0;0;0;0;0;0;0,179;0;0;0;0;0;1,24;6;67;0
0;0;1,33;0;0;0;0;0;0;0;0;0;0;0;0;0;0;1,33;0;0;0;0;0;0;2,66;1,33;0;1,33;0;1,33;1,33;0;0;0;1,33;1,33;0;0;0;0;0;0;0;0;0;0;0;0;0;0,288;0;0,144;0;0;1,857;10;39;0
0;0;0;0;0;0;0;0;0;0;0;0,63;0;0;0;0;0;0;0;0;0;0;0;0;0;0;0;0;0;0;0;0;0;0;0;0;0,63;0;0;0;0;0;0;0;0,63;13,37;0;0;0;0,158;0;0;0,079;0,079;1,719;15;98;0
0,18;0;0,18;0;1,57;0,36;0,06;0,06;0,06;0,12;0,06;0,54;0,3;0,06;0;0;0,72;0,06;4,54;0,24;1,09;0;0,84;0,06;0;0;0;0;0;0;0;0;0;0;0;0;0;0;0;0;0;0;0,06;0;0,06;0;0;0;0,01;0,052;0;0,01;0,167;0;1,733;12;442;1
0;0;0;0;0;0;0;0;0;0;0;0;0,54;0;0;0,54;0,54;0;1,63;0;0,54;0;0;0;0;0;0;0;0;0;0;0;0;0;0;0;0;0;0;0;0;0;0;0,54;0;0,54;0;0;0;0;0;0,407;0;0;2,038;14;53;0
0;0;0;0;0;0;0;0;0;1,36;0;0;0;0;1,36;0;0;0;0;0;0;0;0;0;1,36;1,36;0;0;0;0;0;0;1,36;0;0;0;1,36;0;0;0;0;0;1,36;0;0;0;0;0;0;0,404;0,202;0;0;0;3,533;17;53;0
0;0;0;0;0;0;0;0;0;0;0;0;0;0;0;0;0;0;0;0;0;0;0;0;0;0;0;0;0;0;0;0;0;0;0;0;0;0;0;0;0;0;0;0;0;0;0;0;0;0;0;5;0;0;1;1;2;1
0;0;0,96;0;0;0;0;0;0;0;0;0,48;0;0;0;0,96;0;0,48;5,79;0;1,93;0;0;0;0;0;0;0;0;0;0;0;0;0;0;0;0;0;0;0;0;0;0;0;0,48;0;0;0;0;0,086;0;0,26;0,086;0;1,117;4;38;1
0;0;0;0;0;0;0;0;0;0;0;3,57;0;0;0;0;0;0;0;0;0;0;0;0;0;0;0;0;0;0;0;0;0;0;0;0;0;0;0;0;0;0;0;0;0;0;0;0;0;0,438;0;0;0;0;1;1;9;0
0;0;0;0;0;0;0;0;0;0;0;0;0;0;0;0;0;0;0;0;0;0;0;0;0;0;0,08;0;0;0;0;0;0;0;0;0;0;0;0;0,08;0;0;0;0;0;0;0;0;0;0,054;0,353;0;0;0;4,438;28;1589;0
0;0;0;0;0;0;0;0;0;0;0;0;0;0;0;0;0;0;0;0;0;0;0;0;0;0;20;0;0;0;0;0;0;0;0;0;0;0;0;0;0;0;0;0;0;0;0;0;0;0;0;0;0;0;1;1;5;0
0;0;0;0;0;0;0;0;0;0;0;0;0;0;0;0;0;0;0;0;1,51;0;0;0;0;0;1,51;0;0;0;0;0;0;0;0;0;0;0;0;0;0;0;0;0;1,51;0;0;0;0,3;0;0;0;0;0;1,611;5;29;0
0,33;0,33;0;0;0;0;0;0;0;0;0;0,33;0;0;0;0;0;0,99;0,33;0;0,66;0;0;0;4,98;0;0;0;0;0;0;0;0;0;0;0;0,33;0;0,66;0;0;0;0;0;0;0;0;0;0,306;0,204;0;0,306;0;0;5,525;100;431;0
0;0;0,39;0;0,39;0,39;0;0;0;0;0;0;0,39;0;0;0,39;0;0,39;1,17;0;0,78;0;0,39;0,39;0;0;0;0;0;0;0;0;0;0;0;0;0;0;0;0;0;0;0;0;0;0,39;0;0;0;0,065;0,065;0,261;0,065;0;2,89;55;159;0
0;0;0,52;0;0;0;0;0;0;0;0;1,56;0;0;0;0,52;0;0;0,52;0;0;0;0;0;0;0;0;0;0;0;0;0;5,72;0;0;0;1,56;0;0;0;0,52;1,04;0;0;0;0,52;0;0;0;0,075;0,151;0;0;0;2,416;18;116;0
0;9,52;0;0;0;0;0;0;0;4,76;0;0;0;0;0;0;0;0;0;0;0;0;0;0;0;0;0;0;0;0;0;0;0;0;0;0;0;0;0;0;0;0;0;0;4,76;0;0;0;0;0;0;0;0;0;1;1;10;0
0;14,28;0;0;0;0;0;0;0;0;0;0;0;0;0;0;0;0;0;0;0;0;0;0;0;0;0;0;0;0;0;0;0;0;0;0;0;0;0;0;0;0;0;0;0;0;0;0;0;0;0;0;0;0;1,8;5;9;0
0,71;0;0;0;5;0;0;0;0;0;0;0;0;0;0;2,85;0;0;2,14;0;0;0;0;0,71;0;0;0;0;0;0;0;0;0;0;0;0;0;0;0;0;0;0;0;0;0;0;0;0;0;0;0;1,417;0;0;3,029;12;103;1
1,19;0;0,59;0;0;0;0;0;0;0;0;1,19;0;0;0;0;0;0;2,97;0;1,19;0;0;0;0;0;0;0;0;0;0;0;0;0;0;0;0;0;0;0;0;0;0;0;0;0;0;0;0;0;0;0,102;0;0;1,52;7;38;0
0;0;0;0;2,32;0;0;0;0;0;0;0;0;0;0;0,77;0;0;0;0;0;0;0;0;1,55;0,77;0,77;0,77;0,77;0,77;0,77;0,77;0;0,77;0,77;0,77;0;0;0;0,77;0;0;0;0;0;0;0;0;0;0,376;0,125;0;0;0;2,4;11;48;0
0;0;0;0;2,1;0;1,05;0;0;0;0;0;0;0;0;0;0;0;0;0;0;0;0;0;0;0;0;0;0;0;0;0;0;0;0;1,05;0;0;0;0;0;0;0;0;0;0;0;0;0;0;0;0;0;0;4,5;34;108;1
0;0;0;0;0;0;0;0;0;0;0;0;0;0;0;0;0;0;0;0;0;0;0;0;0;0;0;0;0;0;0;0;0;0;0;0;0;0;0;0;0;0;0;0;0;1,47;0;0;0;0,364;0;0;0;0;3,23;38;126;1
0;0;0;0;0;0;0;0;0;0;0;0;0;0;0;0;0;0;3,77;0;0;0;0;0;0;0;0;0;0;0;0;0;0;0;0;0;0;0;1,88;0;0;0;0;0;1,88;0;0;0;0;0;0;0,366;0;0;2;15;28;0
0;0;0,08;0;0;0,25;0;0,25;0,08;0;0;1,17;0,08;0,25;0;0;0,42;0;0;0;0;0;0;0;3,11;0;0;0;0;0;0;0;0,16;0;0;0,25;0,25;0;0;0;0;0;0;0;0;0;0;0;0,034;0,08;0;0;0;0;2,023;27;694;0
0;0;0,94;0;0;0;0;0;0;0;0;0,47;0;0;0;0;0;0;0;0;0;0;0;0;0,47;0;0;0;0;0;0;0;0;0;0;0;0,94;0;0;0;0;1,42;0;0;0;0;0;0,94;0;0;0;0;0;0;1,766;4;53;0
0;0;0;0;4,76;0;0;0;0;0;0;0;0;0;0;0;0;0;0;0;0;0;0;0;0;0;0;0;4,76;0;0;0;0;0;0;0;0;0;0;0;0;4,76;0;0;0;0;0;0;0;0;0;0;0;0;1;1;6;0
0,17;0;0,17;0,17;1,43;0,34;0,05;0,05;0,05;0,05;0,05;0,51;0,28;0,05;0;0;0,69;0,05;4,2;0,23;1,03;0,17;0,74;0,05;0;0;0;0;0;0;0;0;0;0;0;0;0;0;0;0;0;0;0;0;0;0;0;0;0,01;0,05;0;0,02;0,161;0,03;2,093;51;536;1
0;0;0;0;0;0;0;0;0;0;0;0;0;0;0;0;0;0;5,55;0;0;0;0;0;0;0;2,77;0;0;0;0;0;0;0;0;0;0;0;0;0;0;0;0;0;0;0;0;0;0;0;0;0;0;0;1;1;7;0
0;0,68;0,34;0;0;0;0;0,34;0;0;0,34;0;0;0;0;1,72;0;0;1,03;0;2,06;0;0;0;0;0;0;0;0;0;0;0;0;0;0;0;0;0;0;0,34;0;0;0;0;0,34;0;0;0;0;0,046;0;0;0;0;3,344;107;194;0
0;0;1,02;0;0;0;0;0;0;0;0;0;0;0;0;0;0;0;1,02;0;0;0;0;0;0;0;0;0;0;0;0;0;0;0;0;0;0;0;0;0;0;0;0;0;1,02;0;0;0;0;0;0,395;0;0;0;1,523;6;32;0
0;0;0;0;0;0;0;0;0;0;0;0;0;0;0;0;0;0;0;0;0;0;0;0;0;0;16,66;0;0;0;0;0;0;0;0;0;0;0;0;0;0;0;0;0;0;0;0;0;0;0;0;0;0;0;4,333;11;13;0
0,08;0,08;0,76;0;0,85;1,02;0,25;0,17;0,59;0,08;0,17;0,59;0,17;0;2,21;0,25;0,08;0,93;1,61;0,17;0,42;0;0,85;0,08;0;0;0;0;0;0;0;0;0;0;0;0;0;0;0;0,08;0;0;0,17;0,08;0,08;0,08;0;0;0;0,063;0;0,394;0,114;0,012;7,484;669;1407;1
0;0,26;0,26;0;0,26;0;0;0,26;0;0;0,26;1,07;0;0;0;0;0,53;0;1,07;0;1,07;0;0;0;1,34;0;0;0;0;0;0;0;0;0;0;0;0;0;0;0;0;0;0;0;0;0;0;0;0;0,111;0;0;0,037;0;1,564;8;194;0
0;0;0,29;0;0,87;0;0,29;0;0,87;0;0;1,45;0;0;0;0;0;0,29;5,24;0;1,45;0;0;0,29;0;0;0;0;0;0;0;0;0;0;0;0;0;0;0;0;0;0;0;0;0;0;0;0;0;0,042;0;0;0,085;0;5,145;33;247;1
0;0,37;0,37;0;0,09;0,09;0;0,37;0;0;0;0,28;0,28;0;0;0,84;0,09;0,56;2,72;0;2,16;0;0,18;0;0;0;0;0;0;0;0;0;0;0;0;0;0,09;0;0;0;0;0;0;0;0,18;0;0;0;0;0,056;0;0,142;0,071;0,014;1,934;19;383;0
0;0,67;0,33;0;0,33;0,33;0,33;0,33;0;0;0,67;1;0;0;0;1;0,33;0,33;2,68;2,68;3,02;0;0;0,67;0;0;0;0;0;0;0;0;0;0;0;0;0;0;0;0;0;0;0;0;0;0;0;0;0;0,053;0;0,16;0;0,107;6,111;139;275;1
0;0;0;0;0;0;0;0;0;0;0;1,02;0;0;0;0;0;1,02;2,04;0;0;0;0;0;2,04;1,02;0;0;0;0;0;0;0;0;0;0;0;0;1,02;0;0;0;0;0;0;0;0;0;0;0,188;0;0;0;0;3,9;13;78;0
0,24;0;0,99;0;0,99;0;0,49;0,99;0;0,24;0;0,49;0;0;0;0,49;0,99;0,74;1,98;0,74;0,99;0;0;0,49;0;0;0;0;0;0;0;0;0;0;0;0;0;0;0;0;0;0;0;0;0;0;0;0;0;0,179;0;0,847;0,077;0;3,219;114;499;1
0,15;0;0,63;0;0,07;0,11;0;0;0;0,03;0;0,07;0,37;0;0;0;0,03;0,03;1,16;0;0,22;0;0;0;0,03;0;0;0;0;0;0;0;0;0;0;0;0;0,07;0;0;0;0,03;0;0;0,22;0,03;0;0;0,014;0,05;0;0,014;0;0;1,111;7;389;0
0,99;0;0,99;0;0;0;0;0;0;0;0;0;0;0;0;0;0;0;1,98;0;0;0;0;0;0;0;0;0;0;0;0;0;0;0;0;0;0;0;0;0;0;0;0;0;1,98;2,97;0;0;0;0;0;0,186;0;0;1,937;15;62;0
0;0;0;0;0;0;0;0;0;0;0,38;0,19;0;0;0;0;0;0;1,33;0;0,38;0;0;0;0,19;0;0;0;0;0;0;0;0;0;0;0;0;0;0;0,19;0;0;0;0;0;0;0;0;0;0,154;0;0,03;0;0,03;2,852;12;388;0
0;0;0;0;0;0;0;0;0;0;0;0;0;0;0;0;0;0;3,12;0;0;0;0;0;6,25;3,12;3,12;3,12;3,12;3,12;3,12;3,12;0;3,12;3,12;3,12;0;0;0;3,12;0;0;0;0;0;0;0;0;0;0,913;0;0;0;0;3,454;11;38;0
0;0;0;0;0;0;0;0;0;0;0;0;0;0;0;0;0;0;0;0;0;0;0;0;0;0;0;0;0;0;0;0;0;0;0;0;0;0;0;0;0;0;0;0;0;0;0;0;0;0;0;0;0;0;1,666;3;15;0
0;0;0;0;0;0;0;0;0;0;0;0;0;0;0;0;0;0;4,16;0;0;0;0;0;0;0;0;0;0;0;0;0;0;0;0;0;0;0;0;0;0;0;0;0;0;0;0;0;0;0;0;0,74;0;0;1,625;6;13;0
0,9;0;0;0;0;0;0,9;0;0;0;0;0;0;0;0;0;0,9;0,9;1,81;0;2,72;0;0;0,9;0;0;0;0;0;0;0;0;0;0;0;0;0;0;0;0;0;0;0;0;0;0;0;0;0;0;0;0,546;0;0;2,818;19;62;1
0;0;0;0;0;0;0;0;0;0;0;0;0;0;0;0;0;0;0;0;0;0;0;0;0;0;20;0;0;0;0;0;0;0;0;0;0;0;0;0;0;0;0;0;0;0;0;0;0;0;0;0;0;0;1;1;5;0
0;0;0;0;0;0;0;0;0;0;0;0;0;0;0;0;0;0;0;0;0;0;0;0;0;0;2,56;0;0;0;0;0;0;0;0;0;0;0;0;0;0;0;0;0;2,56;0;0;0;0;0,465;0;0;0;0;1,769;6;23;0
0,35;0,1;0,55;0;2,15;0,15;0;0;0,1;0,75;0,35;0,85;0,25;0;0;0,15;0,3;0;5;0;1,75;0;0,05;0,8;0;0;0;0;0;0;0;0;0;0;0;0;0;0;0;0;0;0;0;0;0,2;0;0;0;0,008;0,035;0;0,149;0,131;0,008;3,629;127;617;1
0;0;2,56;0;0;0;0;0;0;0;0;0;0;0;0;0;0;0;0;0;0;0;0;0;0;0;0;0;0;0;0;0;0;0;0;0;0;0;0;0;0;5,12;0;0;0;0;0;0;0;0;0;0;0;0;4,368;52;83;0
0;0;0;0;0;0;0;0;0;0;0;0;0;0;0;0;0;0;2,29;0;0;0;0;0;2,29;0;0;0;0;0;0;0;0;0;0;0;0;0;0;0;0;0;0;0;0,76;0;0;0;0;0,258;0;0;0;0;3,74;53;101;0
0;0;0;0;0;0;0;0;0;0,29;0;0;0;0;0;0;0;0;0,58;0;0,58;0;0;0;3,51;2,34;0,87;2,34;0,58;1,17;0,58;0,58;0;0,58;1,17;0,58;0,29;0;0,87;0,58;0;0,87;0,29;0;0,58;0;0;0;0,091;0,637;0,045;0;0;0;3,552;37;373;0
0;0;0;0;0;0;0;0;0;0;0;0;0;0;0;0;0;2;0;0;0;0;0;0;4;2;2;4;0;2;0;0;0;0;2;0;0;0;0;0;0;0;0;0;2;0;0;0;0;0;0;0;0;0;2,095;11;44;0
0;0;0;0;0;0;0;0;0;0;0;0;0;0;0;0;0;4,83;4,83;0;0;0;0;0;0;0;0;0;0;0;0;0;0;0;0;0;0;0;0;0;0;0;0;0;0;0;0;0;0;0;0;0;0,302;0;1,7;5;17;1
0;0;0,35;0;0,35;0,71;0;0;0;0;0;0,71;0;0;0;0;0;0;0,71;0;0,35;0;0;0;0;0;0;0;0;0;0;0;0,35;0;0;0;0,35;0;0,35;0;0;0;0,35;0;0,35;0;0;0;0;0,124;0;0,372;0;0;1,641;12;110;0
0;0;0;0;4,25;0;0,7;0;0;0;0;0;0;0;0;2,83;0;0;4,96;0;1,41;0;0;0;0;0;0;0;0;0;0;0;0;0;0;0;0;0;0;0;0;0;0;0;0;0;0;0;0;0;0;0,38;0;0;1,153;3;30;1
0;0;0;0;0;0;0;0;0;0;0;0;0;0;0;0;0;0;0;0;0;0;0;0;9,52;4,76;4,76;4,76;4,76;4,76;4,76;4,76;0;4,76;4,76;4,76;0;0;0;4,76;0;0;0;0;0;0;0;0;0;1,257;0;0;0;0;3,333;11;30;0
0;0;0;0;0;0;0;0;0;0;0;0;0;0;0;0;0;0;4,34;0;0;0;0;0;0;0;0;0;0;0;0;0;0;0;0;0;0;0;0;0;0;0;0;0;0;0;0;0;0;0;0;0,787;0;0;1,875;7;15;0
0,49;0,21;0,56;0;0,28;0,21;0;0,28;0,28;0,98;0,42;0,98;0,14;0;0;1,12;0,7;0,07;2,24;0;0,98;0;0,07;0,7;0;0;0;0;0;0;0;0;0;0;0;0;0;0;0;0,07;0;0;0;0;0,14;0;0;0;0;0,108;0;0,768;0,312;0;3,401;94;966;1
0;0;0,1;0;0;0;0;0,1;0;0;0,2;0,41;0,1;0;0;0,1;0,1;0;0,1;0;0;0;0,1;0;3,02;0;0;0;0;0;0;0;0;0;0;0,52;0,31;0;0;0,1;0;0;0;0;0;0;0;0,1;0,074;0,134;0;0;0,059;0;2,529;26;597;0
0,58;0;0,34;0;0,11;0,11;0;0;0;0,23;0,23;0,93;0,93;0;0;0,58;0,23;0,11;4,19;0;1,51;0;0,58;0,46;0;0;0;0;0;0;0;0;0;0;0;0;0;0;0,34;0;0;0;0;0;0,11;0;0;0,11;0;0,125;0;0,733;0,104;0,335;8,192;326;1360;1
0;0;0;0;0;0,74;0;0;0;0,74;0;0,37;0;0;0;0;0;0;2,61;0;1,49;0;0;0;0,37;0,37;0;0,74;0;0;0;0;0,37;0;0;0,37;0,37;0;0,37;0;0;0,37;0;0,74;0,37;0;0;0;0;0,405;0;0;0;0;2,28;11;130;0
0;0;0;0;0;0;0;0;0;0;0;1,3;0;0;0;0;0;0;0;0;0;0;0;0;0;0;0;0;0;0;0;0;0;0;0;0;0,65;0;0;0;0;0;0;0;0;0;0;0;0;0;0;0;0;0;2,342;8;89;0
0;0;0,32;0;0,64;0,64;0,32;0,32;0;0;0;0,32;0,32;0;0;0,32;0,32;0;2,27;0;3,24;0;0;0,32;0;0;0;0;0;0;0;0;0;0;0;0;0;0;0;0;0;0;0;0;0,32;0;0;0;0;0,106;0;0;0,159;0,053;1,537;10;143;1
0,75;0;0,37;0;0;0;0;0;0;0;0;0;0,37;0;0;0;0;0;1,12;0;1,87;0;0;0;0,75;0,37;1,87;0,37;0,37;0,37;0,37;0,37;0;0,37;0,37;0,37;0,75;0;0,37;0,37;0;0;2,63;0;0,75;0;0;0;0;0,305;0;0,061;0;0;1,903;13;118;0
0;0;0;0;0;0;0;1,57;0;1,57;0;1,57;0;0;0;0;0;0;1,57;0;1,57;0;0;0;3,14;2,36;0,78;0,78;0,78;0,78;0,78;0,78;0;0,78;0,78;0,78;0;0;0,78;0,78;0;0;0;0;0,78;0;0;0;0;0,372;0;0;0;0;3,971;34;139;0
0;0;0;0;0;0;0;0;0;0;0;0,72;0;0;0;0;0;0;0;0;0;0;0;0;0;0;0;0,48;0;0;0;0;0;0;0;0,24;0;0;0,48;0;0;0;0;0;0;0;0;0;0;0,185;0;0;0;0;2,802;38;241;1
0,13;0,06;0;0;0,13;0,13;0;0;0,13;0,27;0,06;0,41;0,06;0;0;0,27;0,06;0;1,04;0,13;0,83;0;0;0,06;1,46;0,48;0;0,13;0;0,06;0,27;0;0;0;0,13;0;0,2;0;0;0;0;0;0;0;0,06;0;0;0,48;0;0,194;0;0,029;0,048;0,009;1,793;23;888;0
0;0;0;0;0,73;0;0;0;0;0;0;0;0;0;0;0,73;0;0;2,94;0;2,2;0;0;0;0;0;0;0;0;0;0;0;0;0;0;0;0;0;0;0;0;0;0;0;0,73;0;0;0;0;0,105;0;0,211;0;0;1,333;7;48;1
0;0;0;0;0;0;1,47;1,47;1,47;1,47;1,47;0;0;0;0;0;2,94;0;0;1,47;2,94;0;0;0;0;0;0;0;0;0;0;0;0;0;0;0;1,47;0;0;0;0;0;0;0;0;0;0;0;0;0,147;0;0,294;0,147;0;72;281;288;1
0;0;0;0;0;0;0;0;0;0;0;1,29;0;0;0;0;0;0;0;0;0;0;0;0;0;0;0;0;0;0;0;0;0;0;0;0;0,64;0;0;0;0;0;0;0;0;0;0;0;0;0;0;0;0;0;2,275;8;91;0
0,59;0;0,35;0;1,66;0;0;0;0,23;1,3;0,71;2,49;0,59;0;0;0,59;0,11;0;4,51;0;1,66;0;0,47;0,83;0;0;0;0;0;0;0;0;0;0;0,23;0;0;0;0;0,11;0;0;0;0;0,11;0;0;0;0;0,038;0;0,155;0,233;0,019;3,625;54;504;1
0;0;0;0;0;0;0;0;0;0;0;0;0;0;0;0;0;0;0;0;0;0;0;0;8,69;4,34;4,34;4,34;4,34;4,34;4,34;4,34;0;4,34;4,34;4,34;0;0;0;4,34;0;0;0;0;0;0;0;0;0;1,162;0;0;0;0;3,333;11;30;0
0;0;0,53;0;0,21;0,1;0,1;0,53;0,1;0,21;0;0,64;0;0;0;0;0,1;0;0;0;0;0;0,74;0;0;0;0;0;0;0;0;0;0;0;0;0;0;0;0;0;0;0;0;0;0;0;0;0;0;0,097;0;0,016;0,065;0;2,104;29;381;1
0;0;0,79;0;0;0;0;0;0;0;0;1,58;0;0;0;0;0;0;2,38;0;0,79;0;0;0;0;0;0;0;0;0;0;0;0;0;0;0;0;0;0;0;0;0;0;0;0;0;0;0;0,137;0;0;0;0;0;1,09;3;24;0
0;0;0,5;0;0,5;0;0;0;0;0,5;0;1,01;0;0;0;0;0,5;1,01;2,03;0;3,04;0;0;0;1,52;0,5;1,01;1,01;0;1,01;0;0;0;0;1,01;0;0;0;0;0;0;0;0;0;0;0;0;0;0;0,551;0;0,055;0;0;4,275;45;248;0
0;0;0,46;0;0;0;0;0;0;0;0;0,46;0;0;0;0;0;0;3,7;0;0;0;0;0,46;0;0;0;0;0;0;0;0;0;0;0;0;0;0;0;0;0;0;0;0;0,46;0;0;0;0;0,094;0;0,473;0;0;2,5;24;40;0
0;0;0,32;0;0,49;0,16;0;0;0;0;0;1,48;0;0;0;0;0,32;0;0,16;0;0,16;0;0;0;1,31;0;0;0;1,31;0,49;0;0;0;0;0;0,65;0,16;0;0;0;0;0;0;0;0,16;0;0;0;0;0,022;0;0;0;0;1,638;6;154;0
0;0,19;0;0;0;0;0;0;0;0;0;0,19;0;0;0;0;0;0;0;0;0;0;0;0;0,19;0;0;0;0;0;0;0;2,86;0;0;0,38;0,19;0;0;0;0;0;0;0;0;0;0,19;0,19;0;0,201;0;0;0;0;2,217;9;204;0
0;0,13;0,66;0;0;0;0;0;0;0,13;0;0,13;0;0;0;0,26;0;0,13;2,65;0;0,39;0;0;0;0;0;0;0;0;0;0;0;0;0;0;0;0,26;0;0;0;0;0;0;0;0,26;0;0;0;0,019;0,367;0;0,193;0;0,038;3,122;70;559;0
0;0;1,5;0;0,75;0;0;0;0;0;0;0,75;1,5;0;0;0,75;0;0;1,5;0;0,75;0;0;0;0;0;0;0;0;0;0;0;0;0;0;0;0;0;0;0;0;0;0;0;0,75;0;0;0;0;0,147;0;0,441;0;0;2;6;54;0
0,59;0,59;0;0;0;0;0;0;0;0;0;0;0;0;0;0;0;0;1,19;0;0,59;0;0;0;0;0;0;0;0;0;0;0;0;0;0;0;0;0;0;0;0;0;0;0;0,59;1,19;0;0;0;0,212;0;0,212;0;0,106;1,7;11;68;0
0;0;0,33;0;0,66;0;0;0,33;0;1,32;0;0;0;0,33;0;0;0,33;0;1,32;0;0,33;0;0;0;1,98;0,66;0,66;0;0;0;0;0;0,33;0;0;0;0,99;0;0;0;0;0;0,33;0,33;0,33;0;0;0;0,168;0,392;0;0,224;0,336;0;4,115;42;321;0
0;0;0;0;0,67;0;2,01;0;0;0;0;0;0;0;0;0;0;2,01;1,34;0,67;2,01;0;0;0;0;0;0;0;0;0;0;0;0;0;0;0;0;0;0;0;0;0;0;0;0;0;0;0;0;0;0;0,305;0;0;2,162;14;93;1
0,96;0;0;0;0,32;0;0;0;0;0;0;0,32;0;0;0;0;0;0;1,93;0;0,32;0;0;0;0;0;0;0;0;0;0;0;0;0;0;0;0;0;0;0;0;0;0;0,32;0;0,32;0;0;0;0,057;0;0;0;0;1,147;5;78;0
0;0,24;0,72;0;0,24;0;0,12;0;0;0,36;0,12;0;0,12;0;0,12;0,12;0;0,6;0,36;0,12;0,6;0;0;0;0;0;0;0;0;0;0;0;0;0;0;0;0;0;0;0,12;0;0;0;0;0;0;0;0;0;0,018;0;0,34;0;0,018;5,634;158;1234;1
0;0;1,5;0;0;0,75;0;0;0;0;0;0;0;0;0;0;0;0;0;0;0;0;0;0;0;0;0;0;0;0;0;0;0,75;0;0;0;0;0;0;0;0;0;0;0;0;0;0;0;0;0,116;0;0;0;0;1,833;8;22;0
0;0;0;0;0;0;0;0;0;0;0;0;0,97;0;0;0;0;0;0;0;0;0;0;0;6,79;3,88;0,97;0,97;0,97;0,97;0,97;0,97;0;0,97;0,97;0,97;0,97;0;0;0,97;0;0;0,97;0;1,94;0;0;0;0;0,299;0,149;0;0;0;2,666;13;72;0
1;0;0,33;0;0,66;0,66;0;0;0;0;0;0,33;0,66;0;0;0,66;0,66;0;2,33;0;0,33;0;1,66;0,33;0;0;0;0;0;0;0;0;0;0;0;0;0;0;0;0;0;0;0;0;0;0;0;0;0;0,06;0;0,12;0,541;0;5,428;21;304;1
0,46;0;0;0;0;0;0;0;0;0;0;2,32;0,46;0;0;0;0;0,46;5,11;0;0,46;0;0;0;0,93;1,39;0;0;0,46;0;0;0;0;0;0;0;0;0;1,39;0;0;0,93;0;0;0;0;0;0;0;0;0;0,065;0;0;2;13;86;0
0;0;0;0;0;0;0;0;0;0;0;0;0;0;0;0;0;0;0;0;0;0;0;0;0;0;0;0;0;0;0;0;0;0;0;0;0;0;0;0;0;0;0;0;0;0;0;0;0;0;0;0;0;0;1;1;4;0
0;1,15;0,86;0;0,57;0,28;0,57;0;0;0,28;0;0,57;0;0;0;1,72;0;0,86;4,32;0;2,01;0;0;0,28;0;0;0;0;0;0;0;0;0;0;0;0;0;0;0;0;0;0;0;0;0;0;0;0;0;0,142;0;0,19;0;3,423;6,584;56;349;1
0;0;0,32;0;0,65;0,65;0,32;0,32;0;0;0;0,32;0,32;0;0;0,32;0,32;0;2,28;0;3,25;0;0;0,32;0;0;0;0;0;0;0;0;0;0;0;0;0;0;0;0;0;0;0;0;0,32;0;0;0;0;0,105;0;0;0,158;0;1,494;10;139;1
0;0;0;0;0;0;0;0,71;0;0;0;0,71;0;0;0;1,43;0;0;4,31;0;1,43;0;0;0,71;0;0;0;0;0;0;0;0;0;0;0;0;0;0;0;0;0;0;0;0;2,15;0;0;0;0;0,265;0;0,132;0;0;2,322;16;72;1
0;0;0;0;0;0;0;0,83;0;0;0;0;0;0;0;0;0;0;0;0;0;0;0;0;0,83;0,41;0;0,41;0,41;0;0;0;0;0;0,41;0,41;0,41;0;0;0;0;0;0;0;0;0;0;0;0;0,158;0;0;0;0;1,969;13;130;0
0,38;0;1,9;0;1,14;0;0;0;0,38;0,38;0;0;0;0;0;0;0;0;0,38;0,76;0;0;0;0;0,38;0;0;0;0;0;0;0;0;0;0;0;0;0;0;0;0;0;0;0;0;0;0;0;0;0;0;1,005;0,059;0;295;1177;1180;1
0;0;0;0;0;0;0;0;0;0;0;2,22;0;0;0;0;0;0;0,74;0;0;0;0;0;0;0;0;0;0;0;0;0;0;0;0;0;0,74;0;0;0;0;0;0;0;0;2,22;0;0;0;0;0;0;0,277;0;2,72;15;68;0
0;0;0;0;0,96;0;0,96;0;0;0,48;0,48;0,96;0;0;0;1,44;0;0;3,36;0;0,96;0;0;0;0;0;0;0;0;0;0;0;0;0;0;0;0;0;0;0;0;0;0;0;0;0;0;0;0;0,149;0;0,149;0,074;0;2,586;44;150;1
0;0;0;0;0;0;0;0;0;0,55;0;0,55;0;0;0;0;0;0;1,11;0;0,55;0;0;0;2,77;2,22;1,11;0,55;0,55;0,55;0,55;0,55;0,55;0,55;0,55;0,55;1,66;0;0,55;0,55;0;0;1,11;0;1,11;0;0;0;0;0,603;0,086;0;0;0;2,113;13;167;0
0;0;0,31;0;1,04;0,1;0;0;0;0;0;0,1;0;0;0;0;0;0;0,2;0;0;0;0;0;0,41;0,2;0,52;0,2;0,2;0,2;0,2;0,2;0,41;0,2;0,2;0,2;0,1;1,57;0,1;0,2;0;0,41;0,1;0,1;0,1;0;0;0,1;0,067;0,523;0,016;0;0,016;0,033;2,232;47;393;0
0;0,17;0;0;0,34;0,34;0;0;0;0,17;0;0;0,17;0;0;0,17;0,17;0;0,17;0;0;0;0;0;0;0;0;0;0;0;0;0;0;0;0;0;0;0;0;0;0;0;0;0;0,34;0;0;0;0;0,054;0;0;0,027;0;2,073;11;170;1
0;0;0;0;0;0;0;0;0;0;0;0;0;0;0;0;0;0;0;0;0;0;0;0;8,69;4,34;4,34;4,34;4,34;4,34;4,34;4,34;0;4,34;4,34;4,34;0;0;0;4,34;0;0;0;0;0;0;0;0;0;1,19;0;0;0;0;3,333;11;30;0
0;0;0;0;0;0;0;0;0;0;0;2,9;0;0;0;0,58;0;0;0;0;1,74;0;0;0;2,32;0;0;0;0;3,48;0;0;0;0;0;0;0,58;0;0;0;0;0;0;0;0;0;0;0;0;0,165;0;0;0;0;1,7;12;68;0
0;0;0;0;0;0;0;0;0;0;0;0;0;0;0;0;0;0;0,85;0;0;0;0;0;4,27;3,41;2,56;0,85;0,85;0,85;0,85;0,85;0;0,85;0,85;0,85;0,85;0;0,85;0,85;0;0;0,85;0;0,85;0;0;0;0;0,278;0,139;0;0;0;2,138;12;77;0
0,98;0,16;0,41;0;0,16;0,24;0;0,16;0;0,49;0,08;0,57;0,9;0;0,16;0;0;0,32;2,37;0;1,23;0;0,49;1,14;0;0;0;0;0;0;0;0;0;0;0;0;0;0;0;0;0;0;0;0;0;0;0;0;0;0,096;0;0,736;0,256;0,096;4,123;84;701;1
0;0;0;0;0;0;0;0;0;0;0;1,4;0;0;0;1,4;0;0;0;0;0;0;0;0;0;0;0;0;0;0;0;0;0;0;0;0;1,4;0;1,4;0;0;0;0;0;0;0;0;0;0;0;0;0;0;0;1,393;9;46;0
0,09;0,49;0,59;0;0,39;0,19;0;0;0,09;0,39;0;1,57;0,19;0;0;0;0,09;0;3,75;0,09;1,08;0;0;0,09;0;0;0;0;0;0;0;0;0;0;0;0;0;0;0;0;0;0;0;0;0;0;0;0;0,768;0,037;0;5,848;1,313;0;5,96;54;757;1
0;0;0,47;0;1,43;0;0;0;0;0;0;0,95;0;0;0;0,47;0,95;0;3,34;0;1,91;0;0,47;0;0;0;0;0;0;0;0;0;0;0;0;0;0;0;0;0;0;0;0;0;1,43;0;0;0;0;0,076;0;0,536;0,306;0;4,653;78;242;1
0,17;0;0,17;0;1,52;0,35;0,05;0,05;0,05;0,05;0,05;0,52;0,29;0,05;0;0;0,64;0,05;4,21;0,23;1,11;0;0,81;0,05;0;0;0;0;0;0;0;0;0;0;0;0;0;0;0;0;0;0;0,05;0;0;0;0;0;0,01;0,052;0;0,01;0,167;0;1,838;13;467;1
0,23;0;0;0;0;0,11;0;0;0;0,11;0;0,11;0,11;0;0;0;0;0,23;2,15;0;0,35;0;0;0;0;0;0;0;0;0;0;0;0;0;0;0;0;0,23;0;0;0;0;0;0;0,71;0,11;0;0;0;0,126;0;0,021;0;0;1,198;5;145;0
0;0;0;0;0;0;0;0;0;0;0;0;0;0;0;0;0;0;0;0;0;0;0;0;0;0;0;0;0;0;0;0;0;0;0;0;0;0;0;0;0;0;0;0;0;0;0;0;0;0;0;0;0;0;1,266;4;19;1
0;0;0;0;0;0;0;0;0;0;0;0;0;0;0;0;0;0;0;0;0;0;0;0;0;0;0;0;0;0;3,26;0;0,65;0;0;0;0;0;1,3;0;0;0;0;4,57;0;0;0;0;0;0;0;0;0;0,657;3,041;14;219;0
0,1;0;0,1;0;0,4;0,1;0,1;0;0,2;0,2;0,4;0,5;0;0,6;0;0,91;0,2;0;1,72;4,26;1,72;0;0,4;0,2;0;0;0;0;0;0;0;0;0;0;0;0;0;0;0;0;0;0;0;0;0;0;0;0;0;0,096;0;0,336;0,16;0;6,758;494;1426;1
0;0,24;0;0;0,24;0;0;0,24;0;0,49;0;0;0;1,48;0;0;0;0;0,99;0;0;0;0;0;0,49;0;0,24;0;0;0;0,24;0;0;0;0,24;0;0,74;0;0;0;0;0;0;0;0;0;0;0;0;0;0;0;0,16;0;9,31;235;1108;0
0;0;0,41;0;0,82;0,61;0,2;0;0,2;0,61;0,41;1,23;0,2;0;0;0,61;0;0;2,89;3,09;1,23;0;0;0,2;0;0;0;0;0;0;0;0;0;0;0;0;0;0;0;0;0;0;0;0;0;0;0;0;0,098;0,065;0;0,816;0,065;0;3,716;45;301;1
0;0;0;0;0;0;0;0;0;0;0;0;0;0;0;0;0;0;0;0;0;0;0;0;0;0;1,19;0;1,19;0;0;0;1,19;0;0;0;0;0;0;0;0;0;0;0;0;0;0;0;0;1,082;0;0;0;0,216;3,478;7;80;0
0;0;0,62;0;1,24;0,62;0;0;0;0;0;0;0;0;0;0,31;0;0;2,48;0;0,93;0;0,31;0;0;0;0;0;0;0;0;0;0;0;0;0;0,31;0;0;0;0;0;0;0;0;0;0;0;0;0,086;0;0,043;0;0;1,741;14;155;1
0;1,22;0,81;0;0,4;0;0,81;0,4;0;0,81;0;0,4;2,04;0;0;3,27;0;1,22;0,81;0;0,4;0;2,04;0;0;0;0;0;0;0;0;0;0;0;0;0;0,4;0;0;0;0;0;0;0;0;0;0;0;0;0,64;0;0,64;0,8;0;7,651;181;505;1
0;0;0,29;0;0;0;0;0;0;0;0;0;0;0;0;0;0;0;0,29;0;0;0;0;0;0;0;0;0;0;0;0;0;0;0;0,29;1,17;0;0;0;0;0;0,58;0;0,29;0,29;0;0;0;0;0,178;0;0,044;0;0;1,666;10;180;0
0,14;0;0,14;0;0;0,56;0;0;0;0;0;0,14;0;0;0;0;0;0,28;2,41;0;0,14;0;0;0;0;0;0;0;0;0;0;0;0;0;0;0;0;0;0;0;0,42;0;0;0;0,7;0,14;0;0;0;0,053;0;0;0;0;1,136;5;108;0
0;0;0,17;0;0,17;0;0;0,17;0,08;0;0,08;0,25;0;0;0;0,08;0;0;0,94;0;0,6;0;0,25;0;1,89;0,43;0;0,08;0;0,25;0,34;0;0;0;0,25;0;0,17;0;0;0;0;0;0;0;0;0;0;0,08;0;0,127;0;0,051;0,038;0;1,838;24;605;0
0;0;0;0;0;0;0;0;0;0;0;0;0;0;0;0;0;0;4,16;0;0;0;0;0;0;0;0;0;0;0;0;0;0;0;0;0;0;0;0;0;0;0;0;0;0;0;0;0;0;0;0;0,74;0;0;1,625;6;13;0
0,51;0,25;0,49;0;0,04;0,23;0,04;0,32;0,38;0,81;0,21;0,9;0,79;1,24;0,02;0,21;0,36;0,04;3,49;0;1,54;0;1,09;0,36;0;0;0;0;0;0;0;0;0;0;0;0;0;0;0;0;0;0;0,02;0;0,1;0;0;0;0;0,058;0;0,308;0,672;0,128;5,459;193;3243;1
0;0;0;0;0;0;0;1,78;0;0;0;0;0;1,78;0;0;0;0;0;0;0;0;0;0;0;0;0;0;0;0;0;0;0;0;0;0;0;0;0;0;0;0;3,57;0;0;0;0;0;0;0;0;0;0;0;1,444;5;13;0
0,46;0,93;0,93;0;0,46;0;0;0,46;0;1,86;0;2,33;0;0,46;0;0,46;0;0;1,86;0;5,14;0;0;0;0;0;0;0;0;0;0;0;0;0;0;0;0;0;0;0;0;0;0;0;0;0;0;0;0;0,252;0;1,683;0,168;0,084;57,076;634;742;1
0,09;0,49;0,59;0;0,29;0,19;0;0;0,09;0,39;0;1,59;0,19;0;0;0;0,09;0;3,67;0,09;1,09;0;0;0,09;0;0;0;0;0;0;0;0;0;0;0;0;0;0;0;0;0;0;0;0;0,09;0;0;0;0,766;0,037;0;5,836;1,31;0;5,792;54;753;1
0;0;0;0;0;0;0;0;0;0;0;0;0;0;0;0;0;0;0;0;0;0;0;0;1,28;1,44;0;0;0;0;0;0;1,44;0;0;0;1,6;0;0;0;2,56;0;0;0;0;3,52;0;0;0,208;0,671;0,092;0;0;0;4,122;20;540;0
0;0;0,31;0;0,31;0,31;0,31;0,31;0;0;0,63;0,95;0;0;0;0,95;0,63;0,31;2,54;2,54;3,5;0;0;0,63;0;0;0;0;0;0;0;0;0;0;0;0;0;0;0;0;0;0;0;0;0;0;0;0;0;0,051;0;0,102;0;0,102;5,708;138;274;1
0;0;0;0;0;0;0;0;0;0,72;0;0;0;0;0;0;0;0;0;0;0;0;0;0;0;0;0,72;0;0,72;0;0;0;0;0;0;0;0;0;0;0;0;0;0;0;0;0;0;0;0;0,497;0,124;0;0;0,124;3,904;28;164;0
0;0;0,61;0;0;0;0;0;0;0;0;0,61;0;0;0;0;0;0;0,61;0;0;0;0;0;5,52;1,22;1,22;0,61;0,61;1,84;0,61;0,61;0;0,61;0,61;0,61;0;0;1,22;0,61;0;0;0;0;0,61;0;0;0;0;0,143;0;0;0;0;3,682;51;151;0
0,15;0,1;0;0;0,3;0,15;0;0,3;0;0;0;0,6;0;0;0;0;0;0;2,06;0;0,85;0;0,05;0;0,2;0;0;0;0;0;0;0;0,25;0;0,15;0;0,35;0;0;0;0;0;0;0,05;0;0;0;0;0,073;0,234;0;0,073;0;0;2,206;49;1026;0
0;0,62;0,62;0;0;0;0;0;0;1,24;0;0;0;0;0;0,62;0;0,62;0;0;3,1;0;0;0;0;0;0;0;0;0;0;0;0;0;0;0;1,24;0;1,86;0;0;0;0;0;0;1,24;0;0;0;0,384;0;0,288;0;0,096;6;116;294;0
0,4;0,4;0,26;0;0,13;0,2;0,06;0,33;0;1,14;0,33;1,07;1;0;0,26;0,4;0,06;0;4,1;0;0,94;0;0,53;0,26;0;0;0;0;0;0;0;0;0;0;0;0;0;0;0;0;0;0;0;0;0;0;0;0;0;0,088;0;1,06;0,151;0,05;4,623;123;1045;1
0;0;0;0;0;0;0;0;0;0;0;0;0;0;0;0;0;0;1,66;0;0;0;0;0;0;0;1,66;0;0;0;0;0;0;0;0;0;0;0;0;0;0;0;0;0;0;0;0;0;0;0;0;0,304;0;0;2,125;9;34;0
0;0;3,57;0;0;0;0;0;0;0;0;0;0;0;0;0;0;0;0;0;0;0;0;0;0;0;3,57;0;0;0;0;0;0;0;0;0;0;0;0;0;0;0;0;0;3,57;0;0;0;0;0,595;0;0;0;0;1,25;2;10;0
0;14,28;0;0;0;0;0;0;0;0;0;0;0;0;0;0;0;0;0;0;0;0;0;0;0;0;0;0;0;0;0;0;0;0;0;0;0;0;0;0;0;0;0;0;0;0;0;0;0;0;0;0;0;0;1,8;5;9;0
0;0;0;0;0;0;0;0;0;0;0;0;0;0;0;0;0;0;0;0;0;0;0;0;0;0;1,36;0;0;0;0;0;3,4;0;0;0;0;0;0;0;0;0;0;0;0;0;0;0;0;0;0;0;0;0;1,526;7;87;0
0;0;0;0;0;0;0;0;0;0;0;0;0;0;0;0;0;0;2,46;0;1,23;0;0;0;0;0;1,23;0;0;0;0;0;0;0;0;0;0;0;0;0;0;0;0;0;0;0;0;0;0;0;0;0;0;0;1,062;2;17;0
0;0;0,51;0;0,51;0,51;0,51;0;0;0;0;0;0;0;0;0;1,03;1,03;3,1;0;1,03;0;0;0;0;0;0;0;0;0;0;0;0;0;0;0;0;0;0;0;0;0;0;0;0;0;0;0;0;0,09;0;0,18;0;0;1,773;17;94;1
0;0;0;0;0;0;1,23;0;0;0;0;0;0;0;0;1,23;0;0;0;0;0;0;0;0;0;0;0;0;0;0;0;0;0;0;0;0;0;0;0;0;0;0;0;0;0;0;0;0;0;0;0;1,939;0;0;1,379;8;40;1
0;0;0;0;0;0;0;0;0;0,75;0;0;0;0;0;0;0;0;0;0;0;0;0;0;0;0;0,75;0;0,75;0;0;0;0,75;0;0;0;0;0;0;0;0;0;0;0;0;0;0;0;0;0,8;0,133;0;0;0,133;4,472;33;161;0
0;0;0;0;0;0;1,94;0;0;0;0;0;0;0;0;2,91;3,88;0;1,94;0;1,94;0;0;1,94;0;0;0;0;0;0;0;0;0;0;0;0;0;0;0;0,97;0;0;0;0;0,97;0;0;0;0;0,13;0;0,52;0,13;0;6,266;26;94;1
0,59;0;0;0;0;0;1,18;0,59;0,59;1,18;0;1,18;0;0;0;0;2,95;0;4,14;2,36;2,36;0;0;0;0;0;0;0;0;0;0;0;0;0;0;0;0;0;0;0;0;0;0;0;0;0;0;0;0;0;0;0,421;0;0;6,275;46;182;1
0;0,8;0;0;0,6;0;0;0,2;0;0,2;0;0;0;0;0;1,8;0;2,2;1,8;0;2,81;0;0;0;0;0;0;0;0;0;0;0;0;0;0;0;0;0;0;0;0,2;0;0;0;0,2;0,2;0;0;0;0;0;0,06;0;0;2,55;43;227;0
0;0;0;0;0;0;0;0;0;0,58;0;0;0;0;0;0;0;0;0,58;0;0;0;0;0;0;0;0;0;0;0;0;0;0;0;0;0;0;0;0;0;0;0;0;0;0;0,58;0;0;0;0,083;0;0;0;0;6,096;21;189;0
0;0;0;0;2,94;0;0;0;0;0;0;0;0;0;0;2,94;0;0;0;0;0;0;0;0;0;0;0;0;0;0;0;0;0;0;0;0;0;0;0;0;0;0;0;0;0;0;0;0;0,404;0,404;0;0,809;0;0;4,857;12;34;1
0;0;0;0;0;0;0;0;0;0;0;1,4;0;0;0;0;0,7;0;1,4;0;1,4;0;0;0;0;0;0,7;0;0;0;0,7;0;0;0;1,4;0;0;0;0;2,11;0;0;0;0;0;0;0;0;0;0,267;0,066;0;0;0;17,952;200;377;0
0;14,28;0;0;0;0;0;0;0;0;0;0;0;0;0;0;0;0;0;0;0;0;0;0;0;0;0;0;0;0;0;0;0;0;0;0;0;0;0;0;0;0;0;0;0;0;0;0;0;0;0;0;0;0;1,8;5;9;0
0,42;0,46;0,38;0;0,19;0,11;0;0,07;0,58;0,62;0,34;0,77;0,5;1,32;0,03;0,23;0,54;0;3,06;0;1,51;0;0,38;0,46;0;0;0;0;0;0;0;0;0;0;0;0;0;0;0;0;0;0;0;0;0,03;0;0;0;0;0,076;0;0,438;0,585;0,127;6,134;153;2184;1
0;0;1,42;0;0,71;0;0;0,71;0;0,71;0;0;0;0;0;0;2,85;2,85;1,42;0;3,57;0;0;0;0;0;0;0;0;0;0;0;0;0;0;0;0;0;0;0;0;0;0;0;0;0;0;0;0;0;0;0,931;0;0;12,055;117;217;1
0;0;0;0;0;0;0;0,99;0;0;0;0,49;0;0;0;0;0;0;0;0;0;0;0;0;1,98;0,49;0;0,49;0,49;0,99;0;0;0;0;0,49;0,49;0;0;0;0;0;0;0;0;0;0;0;0;0;0,119;0;0;0;0;2,135;13;126;0
0;0;0;0;0;0;0;0;0;0;0;0;0;0;0;0;0;0;0,43;0;0,86;0;0;0;6,03;3,44;0,86;0,43;0,43;0,43;0,43;0,43;0;0,43;0,43;0,43;0,86;0;0,43;0,43;0;0;0,43;0;0,43;0;0;0;0;0,13;0,065;0,065;0;1,043;2,983;40;179;0
0;0;0;0;0;0;0;0;0;0;0;0;0;0;0;0;0;0;0;0;0;0;0;0;0;0;0;0;0;0;0;0;0,45;0;0;0;0;0;0;0;0;0;0;0;0;0;0;0;0;0,027;0;0;0;0;1,567;6;428;0
0;0;0;0;0;0;0;0;0;0;0;0;0;0;0;0;0;0;0;0;0;0;0;0;0;0;0;0;0;0;0;0;0;0;0;0;0;0;0;0;0;0;0;0;0;0,46;0;0;0;0,185;0;0;0;0;1,904;11;80;0
0;0;0;0;0,68;0;0;0;0;0,68;0;0,68;0;0;0,68;0;0;0,68;1,36;0;0,68;0;0;0;2,72;1,36;1,36;0,68;0,68;0,68;0,68;0,68;0;0,68;0,68;0,68;0,68;0;0,68;0,68;0;0;0,68;0,68;0,68;0;0;0;0,104;0,418;0,104;0;0;0;2,102;12;82;0
0;0;0;0;0;0;0;0;0;0;0;0;0;0;0;0;0;0;7,69;0;0;0;0;0;0;0;7,69;0;0;0;0;0;0;0;0;0;0;0;0;0;0;0;0;0;0;0;0;0;0;0;0;0;0;0;1,285;2;9;0
0;0;0;0;0,88;0;0;0;0;2,65;0,88;0;0;0;0;0;0;0;1,76;0;0;0;0;0;1,76;0,88;1,76;0,88;0,88;0,88;0,88;0,88;0;0,88;0,88;0,88;0,88;0;0,88;0,88;0;0;0,88;0;2,65;0;0;0;0,142;0,855;0;0,285;0;0;1,777;12;80;0
0;0;1,23;0;0;0;0;0;0;0;0;0;0;0;0;0;0;0,61;1,85;0;0;0;0;0;0;0;0;0;0;0;0;0;0;0;0;0;0;0;0;0;0,61;0,61;0;0;1,23;0,61;0;0;0;0;0,406;0;0;0;1,666;13;70;0
0,41;0;0,41;0;1,25;0;0,41;0;0;0,2;0;1,04;0,2;0;0;0,41;0,41;0;3,96;0;2,29;0;0,2;1,04;0;0;0;0;0;0;0;0;0;0;0;0;0;0;0;0;0;0,2;0;0;0,83;0;0;0;0;0,069;0;0,866;0,103;0;5,052;214;485;0
0;0;0;0;0;0;0;0;0;0;0;0;0;0;0;0;0;0;2,46;0;0;0;0;0;0;0;0;0;0;0;0;0;0;0;0;0;0;0;0;0;0;0;0;0;1,23;0;0;0;0;0;0;19,131;0;0;13,25;48;53;0
0;0;0;0;0;0,8;0;0;0,8;0;0;0;0;0;0;0;0;0,8;1,6;0;0;0;0;0;0;0;0;0;0,8;0;0;0;0;0;0;0;0;0;0;0;0;0;0;0,8;0;0;0,8;0;0;0,294;0;0;0;0;1,166;2;14;0
0;0;0;0;0;0;0;0;0;0;0;1,67;0;0;0;0;0,41;0;0,83;0;0;0;0;0;1,25;0;0;0;0,83;0;0;0;0;0;0;0;0;0;0;0;0;0,41;0;0;0;0;0;0;0;0,139;0;0;0,069;0;1,804;6;74;0
0,88;0;0;0;0;0;0;0;0;1,76;0;0;0;0;0;0;0;0;1,76;0;0;0;0;0;0;0;0;0;0;0;0;0;0;0;0;0;0,88;0;0;0;0;0,88;0;0;0,88;1,76;0;0;0;0,125;0;0,125;0;0;1,681;5;37;0
0;0;0;0;0;0;0;0;0;0;0;0;0;0;0;0;0;0;0;0;0;0;0;0;0;0;0;0;0;0;0;0;0;0;0;0;0;0;0;0;0;0;0;0;0;0;0;0;0;0,354;0;0;0;0;2,187;5;35;0
0,2;0,06;0,2;0;0,4;0;0;0;0;0;0;0,95;0,27;0;0;0,06;0,06;0;0;0;0;0;0;0;3,47;0;0;0;0;0;0;0;0,06;0;0;0,34;0,06;0;0;0;0;0;0,13;0,06;0,06;0;0;0,13;0,028;0,093;0;0;0,018;0;2,423;26;693;0
0;0;0;0;0;0;0;0;0;0,63;0;0,63;0;0;0;0;0;0;0;0;0,63;0;0;0;2,54;1,91;1,91;0,63;0,63;0,63;0,63;0,63;0;0,63;0,63;0,63;0,63;0;0,63;0,63;0;0;0,63;0;0,63;0;0;0;0;0,279;0,093;0;0;0;1,981;12;105;0
0;0;1,31;0;0;0;0;0;0;0;0;2,63;0;0;0;0;0;0;5,26;0;1,31;0;0;0;1,31;0;0;0;0;1,31;0;0;0;0;0;0;0;0;0;0;0;1,31;0;0;0;0;0;0;0;0,242;0;0;0;0;1,266;3;19;0
0;0;0;0;0;0;0;0;0;0;0;0;0;0;0;0;0;0;0;0;0;0;0;0;0;0;25;0;0;0;0;0;0;0;0;0;0;0;0;0;0;0;0;0;0;0;0;0;0;0;0;0;0;0;1;1;4;0
0,18;0,06;0,24;0;0,18;0;0;0,18;0;0,12;0;0,6;0;0;0;0,24;0,12;0;0,78;0;0,72;0;0,06;0,42;1,93;0,66;0;0,18;0;0,12;0,3;0;0;0;0,42;0;0,18;0;0,24;0;0;0,12;0;0;0,18;0;0;0,12;0;0,196;0;0,044;0,026;0;1,873;29;843;0
0;0;0;0;0;0;0;0;0;0;0;0;0;0;0;0;0;0;0;0;0;0;0;0;0;0;0;0;0;0;0;0;0;0;0;0;0;0;0;0;0;0;0;0;1,47;1,47;0;0;0;1,066;0;0,213;0;0;1,333;3;36;0
0;0,36;0;0;0;0,36;1,47;0;0;0,36;0,36;0,73;0;0;0;0,36;0;1,1;2,2;0;0,73;0;0,36;0;0;0;0;0;0;0;0;0;0;0;0;0;0;0;0;0;0;0;0;0;0;0;0;0;0;0,183;0;0,367;0,061;0,122;4;36;264;1
0;0,41;1,66;0;0,41;0;0;0;0;0;0;0,41;0;0;0;0,41;0;0,83;2,08;0;1,25;0;0;0;0;0;0;0;0;0;0;0;0;0;0;0;0;0;0;0;0;0;0;0;0,41;0;0;0;0;0,068;0;0,75;0;0;3,851;121;285;1
0;0;1,79;0;0;0,59;0;0,59;0;0;0;0;0;0;0;0;0;0;0;0;0;0;0,59;0;0;0;0;0;0;0;0;0;0;0;0;0;0;0;0;1,19;0;0;0;0;0;0;0;0;0;0;0;0;0;0;2,103;10;204;1
0,7;0;0,35;0;0,7;0,35;0,7;0;0,7;0;0;0;0,7;0;0;0;1,05;0;3,16;0;1,4;0;0;1,05;0;0;0;0;0;0;0;0;0;0;0;0;0;0;0;0;0;0;0;0;0;0;0;0;0;0,173;0;0,23;0;0;4,596;60;262;1
0;0;0;0;0;0;0;0;0;0;0;1,23;0;0;0;0;0;0;1,85;0;0,61;0;0;0,61;0;0;0;0;0;0;0;0;0;0;0;0;0,61;0;0;0;0;1,23;0;0;1,23;1,85;0;0;0;0,098;0;0,098;0;0;1,627;15;70;0
0;0,3;0,3;0;0,61;0,3;0;0;0;0,3;0,3;0,3;0;0;0;0,92;0;0;0,61;0;0;0;0;0;0;0;0;0;0;3,38;0;0;0;0;0;0;0;0;0;0;0;0;0;0,3;0;0;0;0;0;0,094;0;0;0;0;2,141;38;212;1
0,09;0;0,09;0;0;0,09;0;0,09;0,87;0;0;0,29;0;0;0;0;0;0;0,38;0;0,19;0;0;0;0,58;0,68;0,09;0;0;0;0;0;0,29;0;0;0;0;0;0;0;0;0;0;0;0;0;0;0;0,173;0,173;0,053;0;0,026;0;3,704;48;726;0
0;0;0;0;0;0;0;0;0;0;0;1,25;0;0;0;0;0;0;1,25;0;3,75;0;0;0;0;0;0;0;0;0;0;0;0;0;0;0;0;0;0;0;0;0;0;0;1,25;0;0;0;0;0,715;0;0;0;0;1,411;4;24;0
0;0;0;0;0;0;0;0;0;0;0;0,68;0;0;0;0;0;0;0,34;0;0;0;0;0;0,68;0,34;0;0,68;0;0,34;0;0;0,34;0;0,34;0,34;0;0;0;0;0;0;0;0;0;0;0;0;0,048;0;0;0;0;0;2,147;11;131;0
0;0;0;0;0;0;0;0;0;0;0;0;0;0;0;0;0;0;0;0;0;0;0;0;0;0;0;0;0;0;0;0;0;0;0;0;3,33;0;0;0;0;0;0;0;0;0;0;0;0,305;0,611;0;1,529;0;0;5,5;22;66;1
0,27;0;0,83;0;1,11;1,11;0,27;0;0;0;0;0,83;0;0;0;0,83;1,11;0,27;1,38;0;1,11;0;0,55;0;0;0;0;0;0;0;0;0;0;0;0;0;0;0;0;0;0;0;0;0;0;0;0;0;0;0;0;0,638;0;0;2,512;17;196;1
0;0,36;0,36;0;0;0;0;0;0;0,36;0;0;0;0;0;0;0;0;1,47;0;0,36;8,85;0;0;0;0;0;0;0;0;0;0;0;0;0;0;0;0;0;0;0;0;0;0;0;0;0;0;4,121;0;0;0,063;0;0,507;7,326;43;359;0
0;0;0;0;0;0;0;0;0;0;0;0;0;0;0;0;0;0;0;0;0;0;0;0;0;0;0;0;0;0;0;0;0;0;0;0;0;0;0;0;0;0;0;0;1,33;0;0;0;0;0,208;0;0,417;0,208;0;3,812;16;61;1
0;0;0;0;0;0;0;0;0;0;0;0;0;0;0;10;0;0;0;0;0;0;0;0;0;0;0;0;0;0;0;0;0;0;0;0;0;0;0;0;0;0;0;0;0;0;0;0;0;0;0;0;0;0;1,428;4;10;1
0;0;0;0;0;0;0;0;0;0;0;0;0;2,32;0;0;1,16;0;1,16;0;0;0;0;0;0;0;0;2,32;0;0;0;0;0;0;0;0;0;0;0;0;0;0;0;1,16;0;1,16;0;0;0;0,381;0;0;0;0,19;2,652;28;61;1
0,77;0;0;0;0,25;0;0;0;0;0;0;1,28;0;0;0;0;0;0;2,05;0;2,31;0;0;0;0,25;2,57;0;0;0,51;0;0;0;0;0;0;0;0,25;0;0;0;0;0;0;0;0;0;0;0;0;0,117;0;0,039;0;0;4,016;45;237;0
0;0,13;0,13;0;0;0,13;0;0;0,13;1,5;0;0,4;0;0;0,27;0,27;0;0,4;1,09;0;2,32;10,38;0,13;0;0;0;0;0;0;0;0;0;0;0;0;0,13;0;0;0;0;0;0;0;0;0;0;0;0;0,021;0,042;0;0,364;0,064;0,686;13,884;107;1444;1
0;0;0;0;0;0;0;0;0;0;0;0;0;0;0;0;0;0;0;0;0;0;0;0;0;0;0;0;0;0;0;0;0;0;0;0;0;0;0;0;0;0;0;0;3,33;0;0;0;0;0,628;0;0;0;0;1,5;5;15;0
0;0;0,44;0;0,88;0,22;0;0;0;0;0;0,44;0;0,22;0;0;0;0;0,66;0;0,44;0;0;0;0;0;0;0;0;0,66;0;0;0;0;0;0;0;0;0;0;0;0;0;0,44;0;0;0;0;0,037;0,224;0;0;0,187;0,149;3,384;21;264;1
0;0,68;0;0;4,08;0;0,68;0;0;0,68;1,36;1,36;0;0;0;0;0,68;0,68;2,72;0;2,04;0;0;0;0;0;0;0;0;0;0;0;0;0;0;0;0;0;0;0;0;0;0;0;0;0;0;0;0;0;0;0;0,11;0;6,588;68;112;1
0;0;0;0;0;0;0;0;0;0;0;0;0;0;0;0;0;0;0;0;0;0;0;0;0;0;14,28;0;0;0;0;0;0;0;0;0;0;0;0;0;0;0;0;0;0;0;0;0;0;0;0;0;0;0;1;1;7;0
0;0;0;0;0,14;0;0;0;0;0;0;1,75;0;0;0;0;0;0;0,29;0;0;0;0;0;0,14;0;0;0,29;0;0,14;0;0;0,14;0;0,14;0;0,14;0,14;0;0;0;0;0;0,29;0;0,14;0;0;0;0,064;0;0,021;0;0;1,715;11;187;0
0;14,28;0;0;0;0;0;0;0;0;0;0;0;0;0;0;0;0;0;0;0;0;0;0;0;0;0;0;0;0;0;0;0;0;0;0;0;0;0;0;0;0;0;0;0;0;0;0;0;0;0;0;0;0;1,8;5;9;0
0;0;0;0;0;0;0;0;0;0;0;0;0;0;0;0;0;0;0;0;0;0;0;0;0;0;0;0;0;0;0;0;0;0;0;0;0;0;0;0;0;0;0;0;0;0;0;0;0;0;0;0;0;0;1;1;3;0
0;0;0;0;0;0;0;0;0;0,27;0;0,27;0;0;0;0,27;0;0;1,09;1,36;0,27;10,38;0;0;0;0;0;0;0;0;0;0;0;0;0;0;0;0;0;0;0;0;0;0;0,27;0;0;0;0,333;0,047;0,095;0,142;0,047;0,381;2,353;13;273;1
0;0;0;0;0;0;0;0;0;0;0;0;0;0;0;0;0;0;1,72;0;0;0;0;0;0;0;0;0;0;0;0;0;0;0;1,72;0;0;0;0;0;0;3,44;0;0;0;0;0;0;0;0;0;0,25;0;0;2,619;9;55;0
0;0;0;0;0;0;0;0;0;0;0;0,28;0,28;0;0;0;0;0;0,57;0;0;0;0;0;0,86;0;0;0;0;0;0;0;0;0;0;0,28;0;0;0;0;0;0,28;0;0;0;0,28;0;0;0;0,216;0;0,043;0;0;1,3;7;52;0
0;0;0,76;0;0,76;0;0,5;0,5;0;1,01;0;0,25;1,52;0;0,76;0;0;1,52;2,03;0;1,52;0;0,76;0;0;0;0;0;0;0;0;0;0;0;0;0;0;0;0;0,5;0;0;0;0;0;0;0;0;0;0,074;0;0,412;0,412;0;2,441;19;249;1
0,1;0;0,1;0;0,4;0,1;0,1;0;0,2;0,2;0,4;0,5;0;0,6;0;0,91;0,2;0;1,72;4,26;1,72;0;0,4;0,2;0;0;0;0;0;0;0;0;0;0;0;0;0;0;0;0;0;0;0;0;0;0;0;0;0;0,093;0;0,297;0,156;0;6,8;494;1428;1
0,75;0;0;0;0;0;0,37;0;0;0,37;0;0;0;0;0;0;0,75;0;3,75;0;3,38;0;0;0;0,37;0;0;0;0;0;0;0;0;0;0;0;0;0;0;0;0;0;0;0;0;0;0;0;0;0,099;0,597;0;0;0;2,125;13;85;0
0,78;0;0,78;0;1,57;0;0;0;0;0;0;0;0;0;0;1,57;0,78;0;1,57;0;2,36;0;0,78;0;0;0;0;0;0;0;0;0;0;0;0;0;0;0;0;0;0;0;0;0;0;0;0;0;0;0;0;0,682;0,341;0;2,555;22;115;1
0;0;0;0;0;0;0;0;0;0;0;0;1,4;0;0;0;0;0;0;0;2,81;0;0;0;0;0;1,4;0;0;0;0;0;0;0;0;0;0;0;0;0;0;0;0;0;0;0;0;0;0;0;0;0;0;0;1,125;2;18;0
0;0;1,58;0;0;0;0;0;0;0;0;0;0;0;0;0;0;0;0;0;0;0;0;0;4,76;1,58;1,58;3,17;0;1,58;0;0;0;0;1,58;0;0;0;0;0;0;0;0;0;0;0;0;0;0;0,4;0;0;0,601;0;3,36;13;84;0
0,16;0,16;0,16;0;0,83;0,16;0;0,16;0;0;0;0,5;0,16;0;0;0;0;0;2,34;0;0,67;0;0;0;0;0;0;0;0;0;0;0;0;0;0;0;0;0;0;0;0;0;0;0,16;0,33;0,16;0;0;0,087;0,058;0;0;0;0;1,901;16;135;0
0;0;0;0;0;0;0;0;0;0;0;0;0;0;0;0;0;0;0,88;0;0,88;0;0;0;0;0;1,76;0;0;0;0;0;0;0;0;0;0;0;0;0;0;0;0;0;0,88;0;0;0;0;0,139;0,139;0;0;0;1,763;9;67;0
0;0;0;0;0;0,24;0;0;0;0;0;0,72;0;0;0;0;0;0;0,24;0;0;0;0;0;2,65;1,2;0;0;0;0;0;0;0,24;0;0;0;0,96;0;0;0;0;0;0;0;0;0,48;0;0,24;0,067;0,371;0,067;0;0;0;3,322;44;319;0
0,09;0,49;0,59;0;0,39;0,19;0;0;0,09;0,39;0;1,57;0,19;0;0;0;0,09;0;3,74;0,09;1,08;0;0;0,09;0;0;0;0;0;0;0;0;0;0;0;0;0;0;0;0;0;0;0;0;0;0;0;0;0,765;0,037;0;5,828;1,308;0;6,047;54;768;1
0,6;0;0,36;0;1,44;0;0;0;0,24;1,32;0,72;2,53;0,6;0;0;0,6;0,24;0;4,45;0;1,8;0;0,72;0,96;0;0;0;0;0;0;0;0;0;0;0;0;0;0;0;0;0;0;0;0;0,12;0;0;0;0;0,04;0;0,102;0,224;0;3,656;54;479;1
0;0,35;0,35;0;1,07;0;0;0,35;0;1,07;0;0,71;0;0;0;0;0,71;0,71;2,85;0;2,5;0;1,42;0;0;0;0;0;0;0;0;0;0;0;0;0;0;0;0;0,35;0;0;0;0;0,35;0;0;0;0;0,24;0;0,24;0,24;0;3,414;25;140;1
0,05;0;0,1;0;0;0,1;0;0,05;0,49;0;0;0,27;0;0;0;0;0,38;0;0,21;0;0,1;0;0;0;0,49;0,54;0,05;0;0;0;0;0;0,38;0;0;0,38;0,21;0;0;0;0;0;0;0;0;0;0;0;0,308;0,136;0,078;0;0,014;0;3,715;107;1386;0
0;0;0;0;0;0;0;0;0;0;0;4,54;0;0;0;0;0;0;0;0;0;0;0;0;0;0;0;0;4,54;0;0;0;0;0;0;0;0;0;0;0;0;0;0;0;0;0;0;0;0;0;0;0;0;0;2;5;16;0
0;0;0;0;0;0;0;0;0;0;0;0,74;0;0;0;0;0;0,74;1,49;0;0;0;0;0;4,47;2,23;0;0,74;0;0,74;0,74;0;0;0;0,74;0,74;0;0;0;0;0;0;0;0;0;0;0;0;0;0,102;0,204;0,102;0;0,204;2,121;10;87;0
0,18;0;0,18;0;1,57;0,36;0,06;0,06;0,06;0,12;0,06;0,54;0,3;0,06;0;0;0,72;0,06;4,49;0,24;1,09;0;0,85;0,06;0;0;0;0;0;0;0;0;0;0;0;0;0;0;0;0;0;0;0,06;0;0,06;0;0;0;0,01;0,052;0;0,01;0,167;0;1,74;12;442;1
0;0;0,87;0;0;0;0;0;0;0,87;0;1,75;0;0;0;0;0;0;0;0;0;0;0;0;0,87;0,87;0;1,75;0;0;0;0;0;0;0;0,87;0;0;0;0;0;0;0;0;0;0;0;0;0;0,608;0;0;0;0;2,941;11;100;0
0;0;0;0;0;0;0;0;0;4,54;0;4,54;0;0;0;0;0;0;0;0;0;0;0;0;0;0;0;1,51;0;0;0;0;0;0;1,51;0;0;0;0;0;0;0;0;0;0;0;0;0;0;0,286;0;0;0;0;2,277;12;41;0
0;0;1,66;0;1,66;0;1,66;0;0;0;0;1,66;0;0;0;3,33;0;0;1,66;0;0;0;0;0;0;0;0;0;0;0;0;0;0;0;0;0;0;0;0;0;0;0;0;0;0;0;0;0;0;0,284;0;1,424;0;0;24,333;59;146;1
0;0;0;0;0,96;0,48;0;0;0,48;0;0,48;0,48;0;0;0;1,44;0;1,92;0,96;0;1,44;0;0,48;0;0;0;0;0;0;0;0;0;0;0;0;0;0;0;0;0;0;0;0,48;0;0;0;0;0;0;0;0;0,666;0;0;4,437;27;142;0
0;0,33;0;0;0,33;0;0;0;0;0;0;0,33;0;0;0;0;0;0,33;0;0;0;0;0;0;0,33;0,33;0;0,67;0;0;0;0;0;0;0,33;0;0;0;0;0;0;0;0;0,33;0;0;0;0,33;0;0,088;0;0;0;0;1,87;15;116;0
0;0;0,34;0;0,34;0;0;0;0,34;0;0;0,34;0;0;0;0;0;0;0;0;0;0;0;0;0;0;0;0;0;0;0;0;0;0;0;0;0;0;0;0;0;0;0;2,78;0;0;0;0;0;0;0;0;0;0;1,583;6;95;0
0;0;0;0;1,82;0,36;0,36;0,72;0,36;0,36;0;0;0;0;0;0;0;0,36;2,91;0;2,18;0;0,72;0;0;0;0;0;0;0;0;0;0;0;0;0;0;0;0;0;0;0;0,36;0,36;0;0;0;0;0;0,297;0,059;0,178;0;0;2,446;11;115;1
0;0;1,31;0;0;0;0;0;0;0;0;1,31;0;0;0;0;0;0;1,31;0;5,26;0;0;1,31;0;0;0;0;0;0;0;0;0;0;0;0;0;0;0;0;0;0;0;0;0;0;0;0;0;0;0;0;0,201;0;4,5;25;54;1
0;0;0;0;0;0;0;0;0;0;0;0;0;0;0;0;0;0;2,53;6,32;0;1,26;0;0;0;0;0;0;0;0;0;0;0;0;0;0;0;0;0;0;0;0;0;0;0;0;0;0;0;0;0;0,649;0;0,432;5,875;46;94;1
0;0;0;0;0;0;0;0;0;0;0;1,69;0;0;0;0;0;1,69;0;0;1,69;0;0;0;0;0;0;0;0;0;0;0;0;0;0;0;0;0;0;0;0;0;0;0;1,69;0;0;0;0;0;0;0,278;0;0;1,777;4;32;0
0;0;0,59;0;0,19;0;0;0;0;0;0;0,39;0,19;0;0;0,19;0,19;0,19;2,19;0;0,59;0;0;0;0;0;0;0;0;0;0;0;0;0;0;0;0;0;0;0;0;0;0;0;0,39;0,19;0;0;0;0,232;0;0;0,038;0;1,129;4;96;0
0,25;0,17;0,34;0;0;0,08;0;0;0,08;0,08;0,08;0,86;0;0;0;0,08;0;0,25;4,66;0;1,2;0;0;0,08;0;0;0;0;0;0;0;0;0;0;0;0;0;0;0;0;0;0;0,08;0;0;0;0;0;0;0,015;0;0,094;0,015;0;2,531;89;319;1
0,04;0,08;0,15;0;0,04;0,04;0;0,04;0,04;0,08;0;0,41;0,06;0;0;0;0,06;0,15;0,6;0;0,34;0;0,02;0;0;0;0;0;0,02;0;0;0;1,67;0;0;0,19;0,82;0,02;0,04;0;0,02;0,02;0,08;0,02;0;0,26;0,04;0,54;0,005;0,213;0,002;0,031;0,039;0,008;2,246;54;3003;0
0;0;0;0;0;0;0;0;0;0;0;0;0;0;0;0;0;1,66;0;0;0;0;0;0;1,66;1,66;0;3,33;0;0;0;0;0;0;3,33;0;0;0;0;0;0;0;0;0;0;0;0;1,66;0;0;0;0;0;0,53;4,052;22;77;0
0,62;0;0;0;1,24;0;0,62;0;0;0;0;0,62;0;0;0;0;0;0,62;3,72;0;1,24;0;0;0,62;0;0;0;0;0;0;0;0;0;0;0;0;1,24;0;0;0;0;0;0;0;0;0;0;0;0;0;0;0,107;0,322;0;3,318;30;73;1
0,62;0;0;0;0;0;0;0;0;0;0;0;0;0;0;0;0;0;0;0;0;0;0;0;0;0;0;0;0;0;0;0;0;0;0;0,62;0;0;0;0;0;0;0;0;0;0;0;0;0;0,286;0;0;0;0;1,461;4;38;0
0;0;0;0;0,82;0;0;0;0;0;0;0;0;0;0;0;0;0;0,82;0;0;0;0;0;4,13;2,47;1,65;0,82;0,82;0,82;0,82;0,82;0;0,82;0,82;0,82;0;0;0;0,82;0;0;0;0;0,82;0;0;0;0;0,361;0;0,24;0;0;4,666;34;126;0
0;0,14;0,14;0;0;0;0,14;0,14;0;0;0;0,14;0;0;0,14;0;0;0;0,28;0;0;0;0;0;1,13;0,42;0,28;0;0;0;0;0;0;0;2,69;0;0;0;0;0;0;0,84;0;0;0;0,14;0,14;0;0;0,16;0;0;0;0,072;5,331;80;1029;0
0;0;0;0;0;0;0;0;0;0;0;0;0;0;0;0;0;0;0;0;0;0;0;0;0;0;0;0;0;0;0;0;0;0;0;0;0;0;0;0;0;0;0;0;8,33;0;0;0;0;0;0;0;0;0;1;1;4;0
0;0;0;0;0;0;0;0;0;3,77;0;0;0;0;0;0;0;0;1,88;0;0;0;0;1,88;0;0;0;0;0;0;0;0;0;0;0;0;0;0;0;0;0;0;0;0;0;0;0;0;0,264;0;0;0;0;0;4,333;13;78;1
0,5;0,46;0,34;0;0,15;0,03;0;0,19;0,57;0,65;0,3;0,73;0,65;1,27;0,03;0,23;0,42;0;3,08;0;1,34;0;0,5;0,5;0;0;0;0;0;0;0;0;0;0;0;0;0;0;0;0;0;0;0;0;0,03;0;0;0;0,011;0,077;0;0,335;1,281;0,125;7,202;595;2413;1
0;0;0;40,13;0;0;0;0;0;0,32;0;0;0;0;0;0;0;0,32;0,98;0;0,32;0;0;0;0;0;0;0;0;0;0;0;0;0;0;0;0;0;0;0;0;0;0;0;0;0;0;0;0;0,185;0;0,185;0,061;0;10,585;124;434;1
0;0;0;0;0;0;0;0;0;0;0;1,92;0;0;0;0;0;0;1,92;0;1,92;0;0;0;0;0;0;0;0;0;0;0;0;0;0;0;0;0;0;0;0;0;0;0;0;0;0;0;0;0;0;0;0;0;3,5;21;42;0
0;0;3,48;0;0;0;0;1,16;1,16;0;0;0;0;0;0;0;0;0;2,32;0;0;0;0;0;0;0;0;0;0;0;0;0;0;0;0;0;0;0;0;0;0;0;0;0;0;0;0;0;0;0;0;1,405;0;0;9;28;72;1
0,85;0;0;0;0,85;0;0;0;0;0;0;0,85;0,42;0;0;1,28;0;0;3,86;0;0,85;0;0;0,85;0;0;0;0;0;0;0;0;0;0;0;0;0;0;0;0;0;0;0;0;0;0;0;0;0;0,066;0;0,535;0,133;0;11,592;110;313;1
0,84;0;0;0;0;0;0;0;0;0;0;0,84;0;0;0;0;0;0;0,42;0;0;0;0;0;0;0;0;0;0;0;0;0;0;0;0;0;0;0;0;0;0;0;0;0,84;0;0;0;0;0,082;0,414;0;0;0;0;3,34;7;167;0
0;0;0;0;0;0;0;0;0;2,38;0;4,76;0;0;0;0;0;0;0;0;0;0;0;0;0;0;0;0;0;0;0;0;0;0;0;0;0;0;0;0;0;0;0;0;0;0;0;0;0;0;0;0,442;0;0;2,125;10;17;0
0;0;0,39;0;1,17;0;0;0;0;0,78;0;0,39;0;0;0;0,39;0,78;0;2,73;0;1,17;0;0,39;0;0;0;0;0;0;0;0;0;0;0;0;0;0;0;0;0;0;0;0;0;1,17;0;0;0;0;0,062;0;0,869;0,186;0;4;78;256;1
0;0;0;0;0,22;0,22;0;0;0;0,45;0;0,9;0;0;0;0;0;0;0,67;0;0,22;0;0;0;0,67;0;0;0,67;0;0;0,45;0;0;0;0,67;0;0;0;0;0;0;0;0;0;0;0;0;0;0;0;0;0;0,024;0;4,223;157;359;0
0;0,35;0,17;0;0;0;0;0;0,17;1,25;0;0,53;0;0;0;0;0;0,17;3,21;0;1,25;7,32;0;0,17;0;0;0;0;0;0;0;0;0;0;0;0;0;0;0;0;0;0;0,17;0;0;0;0;0;0;0,066;0;0;0,099;0,63;16,418;158;903;1
0;0,35;0,35;0;1,07;0;0;0,35;0;1,07;0;0,71;0;0;0;0;0,71;0,71;2,85;0;2,5;0;1,42;0;0;0;0;0;0;0;0;0;0;0;0;0;0;0;0;0,35;0;0;0;0;0,35;0;0;0;0;0,233;0;0,233;0,233;0;3,414;25;140;1
0,06;0,12;0,77;0;0,19;0,32;0,38;0;0,06;0;0;0,64;0,25;0;0,12;0;0;0,12;1,67;0,06;0,7;0;0,19;0;0;0;0;0;0;0;0;0;0;0;0;0;0;0;0;0;0;0;0;0,06;0;0;0;0;0,041;0,031;0;0,25;0,073;0;1,764;37;766;1
0;0,53;0,53;0;0,53;0;0;0;0;0;0;0,53;0;0;0;0,53;0;1,06;1,6;0;1,06;0;0;0;0;0;0;0;0;0;0;0;0;0;0;0;0;0;0;0;0;0;0;0;0;0;0;0;0;0,087;0;0,877;0;0;3,4;61;187;1
0;0,12;0,12;0;0;0;0;0,12;0;0;0;0,12;0;0;0,12;0;0;0;0,12;0;0;0;0;0;0,9;0,38;0,38;0;0;0;0;0;0;0;4,11;0;0;0;0;0;0;0,9;0;0;0;0,12;0,12;0;0;0,149;0;0;0;0,074;5,264;53;1232;0
0;0;0,65;0;0,65;0;0;0;0;0;0;0,65;0;0;0;0;0,65;0;0;0;0;0;0;0;0,65;3,26;0;0;0;0,65;0;0;0;0;0;0;0,65;0;0,65;0;0;0;0,65;0;0,65;0;0;0;0,093;0;0;0,093;0;0;1,705;17;87;0
0;0;0;0;0;0;0;0;0;0;0;0;0;0;0;0;0;0;4,16;0;0;0;0;0;2,77;2,77;1,38;2,77;0;0;0;0;0;0;0;0;0;0;0;0;0;0;0;0;1,38;0;0;0;0;0,355;0;0,355;0;0;2,666;12;64;0
0,07;0,02;0,15;0;0,25;0,2;0;0,02;0,15;0;0;0,25;0,25;0,07;0;0,05;0,22;0;0,05;0;0,02;0;0,37;0,02;0;0;0;0;0,02;0;0;0;0;0;0;0,05;0,3;0,02;0;0,02;0;0;0,02;0;0,02;0;0;0;0,011;0,022;0;0;0,022;0;1,423;20;965;1
0;0;0;0;2,94;0;0;0;0;0;0;0;0;0;0;2,94;0;0;0;0;0;0;0;0;0;0;0;0;0;0;0;0;0;0;0;0;0;0;0;0;0;0;0;0;0;0;0;0;0,355;0,355;0;0,711;0;0;4;12;28;1
0;0,89;1,14;0;0,12;0;0;0,12;0,25;0,12;0,12;0,38;0,12;0;1,14;0;0,12;2,04;2,8;0,12;1,27;0;0;0,12;0;0;0;0;0;0;0;0;0;0;0;0,12;0;0;0;0;0;0;0;0;0;0;0;0;0;0,185;0;0,371;0,061;0;2,878;84;475;1
0;0;0;0;0;0;0;0;0;0;0;0;0;0;0;0;0;0;0;0;1,81;9,09;0;0;0;0;0;0;0;0;0;0;0;0;0;0;0;0;0;0;0;0;0;0;0;0;0;0;0;0;0;0;0;0,763;21,428;62;150;1
0;0;2,12;0;1,06;0;0;0;0;1,06;0;1,06;0;0;0;0;0;0;4,25;0;0;0;0;0;0;0;1,06;0;0;0;0;0;0;0;0;0;0;0;0;0;0;0;0;0;1,06;0;0;0;0;0;0;0;0;0;1,785;6;25;0
0;0;0,32;0;0,65;0,65;0,32;0,32;0;0;0;0,32;0,32;0;0;0,32;0,32;0;2,28;0;3,25;0;0;0,32;0;0;0;0;0;0;0;0;0;0;0;0;0;0;0;0;0;0;0;0;0,65;0;0;0;0;0,111;0;0;0,166;0;1,494;10;139;1
0;0;0;0;0;0;0;0,67;0;0;0;1,35;0;0;0;0,67;0;0;4,05;0;2,02;0;0;0;0,67;0;0;0;0;0;0;0;0;0;0,67;0;0;0;0;0;0;0;0;0;0,67;0;0;0;0;0,386;0;0;0;0;3,27;19;121;0
0;0;1,12;0;0;0;0;1,12;0;0;0;0;0;0;2,24;0;0;0;3,37;0;2,24;0;0;0;0;0;1,12;0;0;0;0;0;0;0;0;0;0;0;0;0;0;0;0;0;1,12;0;0;0;0;0;0;0;0;0;2;5;44;0
0,05;0;0,31;0;0;0,05;0;0,05;0,47;0;0;0,15;0;0;0;0;0,26;0,05;0,21;0;0,15;0;0;0;0,79;0,85;0,05;0;0;0;0;0;0,47;0;0;0;0,85;0;0;0;0;0;0;0;0;0;0;0;0,112;0,202;0,067;0;0,014;0;3,117;52;1303;0
0;0;0,15;0;0,15;0;0;0;0;0;0;0;0;0;0;0;0;0;2,56;2,26;2,11;4,07;0,15;0;0;0;0;0;0;0;0;0;0;0;0;0;0;0;0;0;0;0;0;0;0,15;0;0;0;0;0,051;0;0,255;0,076;0,46;6,3;37;1216;1
0;1,25;0;0;0;0;1,25;0;0;0;0;0;0;0;0;1,25;1,25;1,25;1,25;0;3,75;0;0;0;0;0;0;0;0;0;0;0;1,25;0;0;0;0;0;0;0;0;0;0;0;0;0;0;0;0,199;0;0;0,298;0;0;3,976;32;171;1
0;0,47;0;0;0,47;0;0;0;0;0;0,47;0;0;0;0;0,47;0;0,95;1,9;0;1,42;0;0;0;0;0;0;0;0;0;0;0;0;0;0;0;0;0;0;0;0;0;0;0;0;0;0;0;0;0,056;0;0;0;0;7,18;182;359;1
0;0;0;0;0;0;1,04;0;0;0;0;1,04;0;0;0;0;1,04;0;3,66;0;2,09;0;0;0;0;0;0;0;0;0;0;0;0;0;0;0;0;0;0;0;0;0;0;0;0;0;0;0;0,062;0,248;0;0,621;0,062;0,062;3,902;59;160;1
0;1,28;0;0;0;0;0;0;0;1,28;0;0;0;0;0;0;0;0;5,12;0;0;0;0;0;0;0;0;0;0;0;0;0;0;0;0;0;0;0;0;0;1,28;0;0;1,28;1,28;0;0;0;0;0;0;0;0;0;2,105;21;40;0
0;0;0,19;0;0,19;0;0;0,19;0,19;0,19;0;0,19;0,19;0;0;0,76;0;0;0,95;0;1,14;0;0;0;0;0;0;0;0;0;0;0;0;0;0;0,19;0;0;0,19;0;0;0;0,38;0;0,19;0;0;0;0;0,058;0;0,264;0;0;4,053;93;381;1
0;0;0;0;0;0;0;0;0;0;0;0;0;0;0;2,4;0;0;2,4;0;2,4;0;0;0;0;0;0;0;0;0;0;0;0;0;0;0;0;0;0;0;0;0;0;0;0;0;0;0;0;0;0;0,151;0,302;0;2,611;11;47;1
0;0;0;0;0;0;0;0;0;0;0;0;0,47;0;0;0;0;0;1,43;0;0;0;0;0;0;0;0;0;0;0;0;0;0;0;0;0;0;0;0,47;0;0;0;0;0,47;0,47;1,91;0;0;0;0,076;0;0,076;0;0;1,833;12;77;0
0;0;0;0;0;0;0;0;0;0;0;0;0;0;0;0;0;0;2,22;0;0;0;0;0;2,22;2,22;0;0;0;0;0;0;0;0;2,22;0;0;0;0;0;0;0;0;0;0;0;0;0;0;0;0;0;0;0;1,769;8;23;0
0;0;0;0;2,22;0;0;0;0;0;0;0;0;0;0;0;0;0;0,74;0;0;0;0;0;0;0;0;0;0;0;0;0;0;0;0;0,74;0;0;0;0;0;0;0;0;0;0;0;0,74;0;0,09;0;0;0;0;1,357;6;38;0
0;0;1,26;0;0;0;0;0;0;0;0;0;1,26;0;0;0;2,53;5,06;2,53;0;3,79;0;0;0;0;0;0;0;0;0;0;0;0;0;0;0;0;0;0;0;0;0;0;0;0;0;0;0;0;0;0;1,9;0,475;0;1,763;11;67;1
0;0;0;0;0;0;0;0;0;0;0;0;0;0;0;0;0;0;0;0;0;0;0;0;0;0;0;0;0;0;0;0;0;0;0;0;0;0;0;0;0;0;0;0;0;0;0;0;0;0,278;0;0,834;0;0;5,13;27;118;1
0;0;0;0;0;0;0;0;0;0;0;0;0;0;0;0;0;0;0;0;0;0;0;0;0;0;0;0;0;0;0;0;0;0;0;0;0;0;0;0;0;0;0;0;0;0;0;0;0;0;0;0;0;0;1;1;6;0
0;0;0,88;0;0,88;0;0;0;0;0;0;4,42;0;0;0;0;0;0;0,88;0;0;0;0;0;1,76;1,76;0,88;0;0;0;0;0;0;0;0;0,88;0,88;0;3,53;0;0;0,88;0;1,76;0;0;0;0,88;0,139;0,279;0;0;0;0;1,326;6;61;0
0,47;0,31;0,47;0;0,05;0,13;0,05;0,26;0,44;0,76;0,26;0,97;0,58;1,26;0;0,26;0,44;0;3,25;0;1,5;0;1,05;0,34;0;0;0;0;0;0;0;0;0;0;0;0;0;0;0;0;0;0;0;0;0,02;0;0;0;0,004;0,066;0;0,322;0,764;0,159;6,1;193;3038;1
0;0;0;0;0;0;0;0;0;0;0;0;0;0;0;0;0;0;2,85;0;0;0;0;0;0;0;0;0;0;0;0;0;0;0;0;0;2,85;0;0;0;0;0;0;0;2,85;2,85;0;0;0;0,473;0;2,843;0;0;1,294;5;22;0
0,57;0;0,57;0;0;0;0;0,57;0;0;0;1,14;0;0;0;0;0;0;5,14;0;1,14;0;2,85;0;0;0;0;0;0;0;0;0;0;0;0;0;0;0;0;0;0;0;0;0;0;0;0;0;0;0;0;0,211;0,74;0;2,9;32;116;1
0;0;0;0;0;0;0;0;0;0;0;0;0;0;0;0;0;0;0;0;0;0;0;0;0;0;25;0;0;0;0;0;0;0;0;0;0;0;0;0;0;0;0;0;0;0;0;0;0;0;0;0;0;0;2;4;6;0
0;0;0;0;0;0;0;0;0;0;0;1,33;0;0;0;1,33;0;0;2,66;0;4;0;0;0;0;0;0;0;0;0;0;0;0;0;0;0;0;0;0;0;0;0;0;0;0;0;0;0;0;0;0;1,326;0;0;2,2;11;44;1
0,19;0,19;0,19;0;1,08;0,19;0,19;0,98;0,89;0,59;0,09;1,08;0,19;0,89;0,09;0;0;1,18;3,85;0,59;1,78;0;0,09;0,29;0;0;0;0;0;0;0;0;0;0;0,09;0;0;0;0,09;0,09;0;0;0;0;0;0;0;0;0;0;0,19;0,412;0,222;0,015;4,195;49;814;1
0;0;0;0;0;0;0;0;0;0;0;0;0;0;0;0;0;0;3,84;0;0;0;0;0;0;0;0;0;0;0;0;0;0;0;0;0;0;0;0;0;0;0;0;0;0;0;0;0;0;0;0;0;0;0;1,8;6;18;0
0;0;0;0;0;0;2,22;2,22;0;0;0;0;0;0;0;0;0;0;0;0;0;0;0;0;0;0;0;0;0;0;0;0;0;0;0;0;0;0;0;0;0;0;0;0;0;0;0;0;0;0,665;0;0;0,665;0;4,571;25;64;0
0;0;0,38;0;0;0;0;0;0;0;0;1,53;0;0,38;0;0;0,76;0;0,76;0;0;0;0;0;3,84;1,53;0,38;0,38;1,53;0,38;0,38;0,38;0;0,38;0,38;1,15;0,38;0;0;0,38;0;0;0,38;0;0,76;0;0;0;0;0,163;0,054;0;0;0;2,297;17;193;0
0;14,28;0;0;0;0;0;0;0;0;0;0;0;0;0;0;0;0;0;0;0;0;0;0;0;0;0;0;0;0;0;0;0;0;0;0;0;0;0;0;0;0;0;0;0;0;0;0;0;0;0;0;0;0;1,8;5;9;0
0;0;0;0;0;0;0;0;0;0;0;2,08;0;0;0;0;1,04;0;0;0;0;0;0;0;1,04;0;0;0;0;0;0;0;0;0;0;0;0;0;0;0;0;0;0;0;0;0;0;0;0;0,478;0;0;0;0;3,291;21;79;0
0;0;0,8;0;2,42;0;0;0;0;0;0;0,4;0;0;0;0;0;0,4;5,26;0;1,61;0;0;0;0,4;0,4;0;0;0;0;0;0;0;0;0;0;0;0;0;0;0;0;0;0;1,61;0;0;0;0;0;0;0,27;0;0;2,36;35;59;0
0;0;0;0;0;0;0;0;0;0;0;0;0;0;0;0;0;3,57;0;0;0;0;0;0;7,14;3,57;0;3,57;0;3,57;3,57;0;0;0;3,57;3,57;0;0;0;0;0;0;0;0;0;0;0;0;0;0,24;0;0,24;0;0;1,687;10;27;0
0;0;0;0;0;0;0;0;0;0;0;0;0;0;0;0;0;0;0;0;0;0;0;0;0;0;0;0;0;0;0;0;0;0;0;0;0;0;0;0;0;0;0;0;0;0;0;0;0;0,729;0;0,729;0;0;3,833;9;23;1
0;0;0;0;0;0;0;0;0;0;0;0;0;0;0;0;0;0;0;0;0;0;0;0;0;0;0;0;0;0;0;0;0;0;0;0;0;0;0;0;0;0;0;0;0;0;0;0;0;0;0;0;0;0;1;1;4;0
1;0;1;0;1;1;0;0;0;0;0;0;0;0;0;0;0;0;1;0;0;0;0;0;1;0;2;0;0;1;0;1;0;1;0;0;0;0;0;0;0;0;0;0;1;0;0;0;0;0,324;0;0,487;0;0;2,291;22;55;0
0;0;0,64;0;0,64;0;0;0;0;1,29;0;0;0;0;0;2,59;0;0;3,24;0;0,64;0;0;0;0;0;0;0;0;0;0;0;0;0;0;0;0;0;0;0;0;0;0,64;0;0;0;0;0;0;0;0;0,574;0;0;5,833;30;105;1
0;14,28;0;0;0;0;0;0;0;0;0;0;0;0;0;0;0;0;0;0;0;0;0;0;0;0;0;0;0;0;0;0;0;0;0;0;0;0;0;0;0;0;0;0;0;0;0;0;0;0;0;0;0;0;1,8;5;9;0
0,33;0,84;0,67;0;0,67;0,33;0,67;0;0,33;0;0,16;0,84;0,16;0;0;0,67;0;0,5;3,03;0,33;2,18;0;0;0;0;0;0;0;0;0;0;0;0,33;0;0;0;0;0;0;0;0;0;0;0;0;0;0;0;0;0,183;0;0,156;0,104;0,026;6,5;525;858;1
1,63;0;1,63;0;0;0;0;0;1,63;0;0;0;0;0;0;1,63;0;0;3,27;0;3,27;0;0;0;0;0;0;0;0;0;0;0;0;0;0;0;0;0;0;0;0;0;0;0;0;0;0;0;0;0;0;0,8;0,266;0;2;16;36;1
0;0;0,58;0;1,16;0;0;0;0;0;0;0;0;0;0;0;0,58;0;2,33;0;0;0;0;0;2,33;0;0,58;0;0;0;0;0;0,58;0;0;0;0;0;0;0;0;0;0;0,58;0,58;0;0;0;0;0,203;0;0,407;0,407;0;3,294;17;112;0
0;0;0;0;0;0,23;0;0;0;0,23;0;1,18;0;0;0;0;0,23;0;1,18;0;0,47;0;0;0;0;0;0;0;0;0;0;0;0;0;0;0;0,71;0;0;0;0;0;0;0;0;0;0;0,71;0;0;0;0;0,069;0;2,216;44;215;0
0;0;0;0;0;0;0;1,25;0;0,41;0;0;0;0;0;0,41;0;1,67;0,41;0;0,41;0;0;0;0;0;0;0;0;0;0;0;0;0;0;0,41;0;0;0;0;0;0;0;0;0;0;0;0;0;0,125;0;0,312;0,062;0;1,477;8;65;1
0;0;0,55;0;0,55;0;0;0;0;0,55;0;0;0;0;0;0,55;0;0;1,67;0;0,55;0;0;0;0;0;0;0;0;0;0;0;0;0;0;0;0;0;0;0;0;0;0;0;0,55;0;0;0;0;0,099;0;0,893;0;0;2,122;16;121;1
0;0;0;0;1,21;0;1,21;1,21;1,21;1,21;1,21;1,21;0;0;0;0;4,87;0;2,43;1,21;4,87;0;0;0;0;0;0;0;0;0;0;0;0;0;0;0;0;0;0;0;0;0;0;0;0;0;0;0;0;0;0;0,555;0;0;104,666;311;314;1
0,78;0;0,78;0;1,57;0;0;0;0;0;0;0;0;0;0;1,57;0,78;0;1,57;0;2,36;0;0,78;0;0;0;0;0;0;0;0;0;0;0;0;0;0;0;0;0;0;0;0;0;0;0;0;0;0;0;0;0,682;0,341;0;2,555;22;115;1
0,6;0;0;0;1,21;0;0,6;0;0;0;0;0,6;0;0;0;0;0;0,6;3,65;0;1,21;0;0;0,6;0;0;0;0;0;0;0;0;0;0;0;0;1,21;0;0;0;0;0;0;0;0;0;0;0;0;0;0;0,101;0,304;0;3,217;30;74;1
0;0;0;0;0;0;0;0;0;0;0;0;0;0;0;0;0;0;0;0;0;0;0;0;0;0;20;0;0;0;0;0;0;0;0;0;0;0;0;0;0;0;0;0;0;0;0;0;0;0;0;0;0;0;1;1;5;0
0;3,05;0,38;0;1,14;0,19;0;0;0;1,52;0,19;0,76;0,19;0;0;0;1,72;0,38;3,05;0,38;2,67;0;0;0;0;0;0;0;0;0;0;0;0;0;0;0;0;0;0;0;0;0;0,19;0;0;0;0;0;0;0,171;0;0,294;0,147;0,024;17,074;430;1144;1
0;0,56;0,28;0;0;0;0,56;0;0;0,56;0,28;0,56;0,28;0;0;1,41;0,28;0;1,97;0;1,12;0;0;0;0;0;0;0;0;0;0;0;0;0;0;0;0;0;0;0;0;0;0;0;0,28;0;0;0;0;0,114;0;0,153;0;0,153;9,25;394;555;1
0;0;0;0;0;0;0;0;0;3,77;0;0;0;0;0;0;0;0;1,88;0;0;0;0;1,88;0;0;0;0;0;0;0;0;0;0;0;0;0;0;0;0;0;0;0;0;0;0;0;0;0,264;0;0;0;0;0;4,333;13;78;1
0;0;0;0;0;0;0;0;0;1,35;0;0;0;0;0;1,35;0;0;1,35;0;0;0;2,7;0;1,35;1,35;0;0;0;0;0;0;0;0;0;0;0;0;0;0;0;0;0;0;0;0;0;0;0;0;0;1,836;0;0;3,285;19;92;1
0;0;0;0;0;0;0;0;0;2;0;0;0;0;0;0;0;0;0;0;0;0;0;0;4;2;2;2;2;4;2;2;0;2;2;2;0;0;0;2;0;0;0;0;0;0;0;0;0;0,682;0;0;0;0;2,705;11;46;0
0;0;0,86;0;0;0;0;0;0;0;0,86;0,86;0;0;0;0;0;0,86;6,95;0;4,34;0;0;0;0;0;0,86;0;0;0;0;0;0;0;0;0;0;0;0;0;0;0;0;0;0;0;0;0;0;0;0;0;0;0;1,047;2;22;0
0;0,25;0,5;0;0;0;0;0;0;0,5;0;0,63;0;0;0;0;0;0;0,38;0;0;0;0;0;0;0;0;0;0;0;0;0;0;0;0;0;0;0;0;0;0;0;0;0;0;0;0;0;0,018;0,129;0,092;0,018;0;0;8,021;66;746;0
0;0;1,94;0;0;0;0;0;0;0,97;0;0,97;0;0;0;0;0;0;1,94;0;0;0;0;0;0,97;0,97;0;1,94;0;0,97;0;0;0;0;1,94;0;0;0;0;0;0;0,97;0;0;0;0;0;0;0;0,379;0;0;0;0;8,125;75;195;0
0;0;0;0;0;0;0;0;0;0;0;0;0;0;0;0;0;0;0;0;0;0;0;0;0;0;20;0;0;0;0;0;0;0;0;0;0;0;0;0;0;0;0;0;0;0;0;0;0;0;0;0;0;0;1;1;4;0
0;0;0;0;0;0;0;0;0;0;0;0,84;0;0;0;0;0;0;5,04;0;0,84;0;0;0;0;0;0;0;0;0;0;0;0;0;0;0;0;0;0;0;0;0;0;0;0,84;0;0;0;0;0,143;0;0,143;0;0;1,37;4;37;0
0,39;0;0,98;0;0;0,19;0;0;0;0;0;0,58;0,19;0;0;0,78;0;0,39;5,09;0;0,58;0;0;0;0;0;0;0;0;0;0;0;0;0;0;0;0;0;0;0;0;0,19;0;0;0,39;0;0,19;0;0;0,239;0;0,444;0;0;1,626;8;122;0
0;0;0;0;0;0;0;0;0;0;0;0;0;0;0;3,7;0;0;0;0;0;0;0;0;0;0;0;0;0;0;0;0;0;0;0;0;0;7,4;0;0;0;0;0;0;0;0;0;0;0;0;0;0;0;0;1,272;3;14;0
0,11;0;0,22;0;0;0;0;0;1,02;0;0;0,34;0;0;0;0;0;0;0,45;0;0,22;0;0;0;0,56;0,68;0,11;0;0;0;0;0;0,34;0;0;0,11;0,22;0;0;0;0;0;0;0;0;0,11;0;0;0,076;0,198;0,03;0;0,03;0;4,211;81;678;0
0;0;0;0;0;0;0;0;0;0;0;0;0;0;0;0;0;0;0,53;0;0;0;0;0;0;0;0;0;0;0;0;0;0;0;0;0;1,06;0;0;0;0;0;0;0;1,06;2,65;0;0;0;0,322;0;0;0;0,129;2,6;18;182;0
0;0,34;0;0;0,68;0;0,68;0;0;0,34;0,34;0;0;0;0;0,34;0;1,36;3,42;0;2,73;0;0;0;0,34;0,34;0;0;0;0;0;0;0,34;0;0;0;0;0;0;0;0;0;0;0;0;0;0;0;0;0;0;0,048;0,048;0;1,411;15;96;1
0,05;0;0,45;0;0,15;0,1;0;0;0,55;0;0;0,15;0;0;0;0;0;0,05;0,2;0;0,15;0;0;0;0,65;0,7;0,05;0;0;0;0;0;1,16;0;0;0;0,81;0,05;0;0;0;0;0;0;0;0;0;0;0,203;0,195;0,05;0;0,014;0;2,88;45;1080;0
0;0;0;0;0,21;0;0;0;0;0;0;0;0;0;0;0;0;0;0;0;0;0,21;0;0;0;0;0;0;0;0;0;0;0;0;0;0;0;0;0;0;0;0;0;0;0;0;0;0;0;0,205;0;0,034;0;0;3,168;15;339;1
0;0;0,74;0;0,74;0;0;0,74;1,49;0;0;0;0;0;0;0;0;0;6,71;0;2,98;0;0;0;0;0;0;0;0;0;0;0;0;0;0;0;0;0;0;0;0;0;0;0;0;0;0;0;0;0;0;0,99;0;0;1,666;12;60;1
0,08;0;0,32;0;0,24;0,32;0;0,16;0,16;0;0;0,65;0;0;0;0;0;0;4,67;0;0,65;0;0;0,32;0;0;0;0;0;0;0;0;0;0;0;0;0;0;0;0,08;0;0,32;0;0;0,24;0;0;0;0;0,045;0;0,36;0,03;0;1,42;10;196;1
0,05;0;0,15;0;0,05;0,05;0;0;0,52;0;0;0,15;0;0;0,05;0;0;0,05;0,31;0;0,15;0;0;0;0,78;0,83;0,05;0;0;0;0;0;0,47;0;0;0;0;0;0;0;0;0;0,05;0,1;0,1;0;0;0;0,223;0,162;0,084;0;0,015;0;2,725;38;1150;0
0;0;0;0;0;0;0;1,11;0;0;0;0;0;0;0;0;0;0;0;0;0;0;1,11;0;0;0;0;0;0;0;0;0;0;0;0;0;0;0;0;0;0;0;0;0;1,11;0;0;0;0;0,208;0;0,208;0,416;0;3,95;23;79;1
0;0;0;0;0;0;0;0;0;0;0;0;0;0;0;0;0;0;0;0;6,66;0;0;0;0;0;0;0;0;0;0;0;0;0;0;0;0;0;0;0;0;0;0;0;0;0;0;0;0;0;0;0;0;0;1;1;12;0
0;0;0;0;0;0;0;0;0;0;0;0;0;0;0;0;0,86;0;0;0;0,86;0;0;0;0,86;0;0;0;0;0;0;0;0;0;0;0;0;0;0;0;0;0;0;0;0;0;0;0;0;0;0;0;0;0;1,944;8;35;0
0;0;0,69;0;0,69;0;0,69;0;0;0;0;0;0,69;0;0;0;0;0;1,38;0;2,08;0;0;0,69;0;0;0;0;0;0;0;0;0;0;0;0;0;0;0;0;0;0;0;0;0;0;0;0;0;0,35;0;0,701;0,116;0;8,781;34;281;1
0;0;0,33;0;0,33;0;0,33;0,33;0;0;0;0,33;0;0;0;1,65;0;1,65;2,64;0;0,66;0;0;0;0;0;0;0;0;0;0;0;0;0;0;0;0;0;0;0;0;0;0;0;0;0;0;0;0;0;0,161;0,537;0;0;2,517;9;141;1
0;0;0;0;0;0;0;0;0;0;0;1,28;0;0;0;0;0;0;3,84;0;0;0;0;0;1,28;0;0;0;0;0;0;0;0;0;0;0;0;0;0;0;0;0;0;1,28;1,28;0;0;0;0;0;0;0;0;0;1,428;2;10;0
0;0;1,1;0;0,55;0;0;0;0;0,55;0;0;0;0;0;0,55;0;0;2,2;0;1,1;0;0;0;0;0;0;0;0;0;0;0;0;0;0;0;0;0;0;0;0;0;0;0;0,55;0;0;0;0;0,097;0;0,683;0;0;2,338;19;145;1
0;0;0,22;7,07;0;0;0;0,45;0;0;0;0;0;0;0;0,45;0;0;0,22;0;0,45;0;0;0;0;0;0;0;0;0;0;0;0;0;0;0,22;0;0;0;0;0;0;0;0;0,22;0;0;0;0,153;0,092;0;0;0;0,03;2,47;27;425;1
0;0;0;0;6,25;0;0;0;0;0;0;0;0;0;0;0;0;0;0;0;0;0;0;0;0;0;0;0;0;0;0;0;0;0;0;0;0;0;0;0;0;0;0;0;0;0;0;0;0;0;0;0;0;0;1,5;2;3;0
0;0,85;0,42;0;0,42;0;0,42;0;1,27;0,85;0;0,42;0,42;0;0;0;0;0;2,55;0;2,12;0;0;0,42;0;0;0;0;0;0;0;0;0;0;0;0;0;0,42;0;0;0;0;0;0;0;0;0;0;0;0,221;0;0,177;0,221;0,177;8,777;54;553;1
0;0;0;0;0;0;0;0;0;0;0;0;0;0;0;0,88;2,65;0;0,88;0;0;0;0;0;0;0;0;0;0;0;0;0;0;0;0;0;0,88;0;0;0;0;0;0;0;0;0;0;0;0;0,14;0;0;0;0;1,512;7;62;1
0,4;0;0,6;0;0,2;0,6;0,2;0,6;0,2;0,2;0,2;1,2;0;0;0;0,4;1,61;0,4;2,21;1,81;2,62;0;0,2;0,6;0;0;0;0;0;0;0;0;0;0;0;0;0;0;0;0;0;0;0;0;0;0;0;0;0;0,096;0;1,453;0,129;0;3,946;64;513;1
0;0,62;0,62;0;0;0,62;0;2,82;0;0,31;0,31;2,5;0;0;0;2,5;0;0;5,32;0,31;1,56;0;0;0,62;0;0;0;0;0;0;0;0;0;0;0;0;0;0;0;0;0;0;0;0;0;0;0;0;0;0,055;0;0,111;0,111;0,055;1,672;6;92;1
0,09;0;0,27;0;0,36;0,09;0;0,18;0,09;0;0;0,72;0;0,36;0;0;0;0;2;0;3,27;0;0,36;0,09;0;0;0;0;0;0;0;0;0;0;0;0;0;0;0;0;0;0;0;0;0,27;0;0;0;0,015;0,047;0,031;0,252;0,031;0,031;3,816;69;542;1
0;0;0;0;0;0;0;0;0;0;0;0;0;0;0;0;0;0;0;0;0;0;0;1,42;0;0;0;0;0;0;0;0;0;0;0;0;0;0;0;0;0;0;0;0;0;0;0;0;0;0;0;0;0;0;4,722;57;85;1
0;0;0;0;0;0;0;0;0;0;0;0;0;0;0;0;0;0;0;0;0;0;0;0;0;0;0;0;0;4,16;0;0;4,16;0;0;0;0;0;0;0;0;0;0;0;4,16;0;0;0;0;0,704;0;0;0;0;1,428;4;10;0
0;0;0;0;0;0;0;0;0;0;0;3,7;0;0;0;0;0;3,7;0;0;0;0;0;0;3,7;0;0;0;0;3,7;0;0;0;0;0;0;3,7;0;0;0;0;0;0;0;0;0;0;0;0;0;0;0;0;0;1,466;6;22;0
0;0;0;0;0,27;0;0;0,27;0;0;0;0,27;1,91;0;0,27;0,27;0;0,54;0;0;0;0;0;0;0,27;0,27;0;0,54;0;0,27;0;0;0;0;0;0;0;0;0;0;0;0;0;0;0;0,27;0;0;0,039;0,117;0;0;0;0;2,52;55;189;0
0;0;0,4;0;0;0;0;0;0;0,8;0;0;0;0;0;0;0;0;0,4;0;0,4;0;0;0;1,2;0,8;0;0;0;0,4;0;0;0;0;0;0;0;0;0;0;0;0;0;0;0;0;0;0;0;0,099;0;0,049;0;0;2,288;9;135;0
0;0;0;0;0,78;0;0;0;0,78;0,78;0;0,78;0;0;0;0,78;0;0;1,56;0;0;0;0;0;0,78;0,78;0;1,56;0;0;0;0;0;0;0;0;0;0;0;0;0;0;0;0;0;0;0;0;0;0,544;0;0;0,136;0;2,62;11;76;0
0;0;0;0;1,05;0;0;0;0;0;0;0;0;0;0;0;0;0;2,11;0;2,81;0;0;0;0;0;0,7;0;0;0;0;0,35;0;0,35;0;0;0;0;0;0;0;0;0;0;0;0;0;0;0;0,047;0;0;0;0,047;2,232;12;163;0
0;0;0,55;0;1,11;0;0;0;0;0;0;0;0,92;0;0,18;0;0,37;0,37;3,15;0;0,92;0;0;0;0;0;0;0;0;0;0;0;0;0;0;0;0;0;0;0;0;0;0;0;0;0;0;0;0;0,185;0;0,464;0;0;1,392;4;78;1
0;0;0;0;1,85;0;0;1,85;0;0;0;0;0;0;0;0;0;0;0;0;0;0;0;0;0;0;0;0;0;0;0;0;0;0;0;0;0;0;0;0;0;0;0;0;0;0;0;0;0;0,223;0;0;0;0;3;15;54;1
0;0;0,31;0;0,63;0,63;0,31;0,31;0;0;0;0,31;0,31;0;0;0,31;0,31;0;2,55;0;3,19;0;0;0,31;0;0;0;0;0;0;0;0;0;0;0;0;0;0;0;0;0;0;0;0;0,31;0;0;0;0;0,108;0;0;0,163;0,054;1,515;10;144;1
0;0;0;0;0;0;0;0;0;0;0;0;0;0;0;0;0;0;0;0;0;0;0;0;3,5;2,63;3,5;2,63;1,75;1,75;0,87;0,87;0;0,87;1,75;0,87;0,87;0;2,63;0,87;0;0;0,87;0;1,75;0;0;0;0;0,49;0,122;0,122;0;0;2,203;12;130;0
0,33;0,42;0,75;0;0;0,25;0;0,08;0,16;1,09;0,33;1,09;0,16;0;0;0,67;0,67;0,08;2,52;0;0,92;0;0;0,5;0;0;0;0;0;0;0;0;0;0;0;0;0;0;0;0,08;0;0;0;0;0,08;0;0;0;0,014;0,029;0;0,523;0,378;0;3,631;67;897;1
0;0,55;0,55;0;2,22;0;0,55;0;0;0;0;0,55;0,55;0;0;0,55;3,88;0;3,88;0;1,66;0;0;0;0;0;0;0;0;0;0;0;0;0;0;0;0;0;0;0;0;0;0;0;0;0;0;0;0;0,255;0;1,191;0,34;0;4,59;140;202;1
0,49;0;0,74;0;0,24;0,74;0,24;0,74;0,24;0,24;0,24;1,23;0;0;0;0;1,23;0;1,23;1,73;2,47;0;0,24;0,74;0;0;0;0;0;0;0;0;0;0;0;0;0;0;0;0;0;0;0;0;0;0;0;0;0;0,116;0;1,634;0,155;0;3,975;47;485;1
0,89;0;0;0;0,89;0,89;0;0;0;0;0;0;0;0;0;0;0;0;2,67;0;1,78;0;0;0;1,78;0,89;1,78;0,89;0;0,89;0;0;0;0;0,89;0;0,89;0;0;0;0;0;0;0;0,89;0;0;0;0,149;0,298;0;0;0;0;2,259;15;61;0
0,09;0,38;0,57;0;0,48;0,38;0;0;0;0,38;0;1,53;0,19;0;0,09;0;0,09;0;3,55;0;1,24;0;0;0;0;0;0;0;0;0;0;0;0;0;0;0;0;0;0;0;0;0;0;0;0;0;0;0;0,038;0,038;0;0,246;0,894;0,012;4;70;640;1
0;0;1,33;0;1,78;0,44;0;0,44;0;0;0;0;0;0;0;0;0;0;4,46;0,89;0,89;0;0,44;0;0;0;0;0;0;0;0;0;0;0;0;0;0;0;0;0;0;0;0;0;0,44;0;0;0;0,078;0,078;0;0;0;0;1,541;5;37;1
0;0;0;0;0;0;0;0;0;0;0;0;0;0;0;0;0;0;0;0;0;0;0;0;9,52;4,76;4,76;4,76;4,76;4,76;4,76;4,76;0;4,76;4,76;4,76;0;0;0;4,76;0;0;0;0;0;0;0;0;0;1,257;0;0;0;0;3,333;11;30;0
0;0;0;0;0;0;0;0;0;0;0;0;0;0;0;0;0;1,69;5,93;0;0,84;0;0;0;0;0;0;0;0;0;0;0;0;0;0;0;0;0;0;0;0,84;0;0;0,84;0;0,84;0;0;0;0;0;0;0;0;1,285;4;36;0
0;0;0,68;0;0;0;0;1,36;0;0;0,68;0,68;0;0;0;0;0;0;3,4;0;1,36;0;0,68;0,68;0;0;0;0;0;0;0;0;0;0;0;0;0;0;0;0;0;0;0;0;0;0;0;0;0;0;0;0,238;0,238;0;2,232;19;96;1
4,34;0;0;0;0;0;0;0;0;0;0;4,34;0;0;0;0;0;0;0;0;0;0;0;0;0;0;0;0;0;0;0;0;0;0;0;0;0;0;0;0;0;0;0;0;0;0;0;0;0;0;0;0;0;0;1,75;4;14;0
0;0;0;0;0;0;0;0;0;0;0;0,86;0;0;0;0;0;0;1,73;0;0,86;0;0;0;6,08;3,47;0,86;0,86;0,86;0,86;0,86;0,86;0;0,86;0,86;0,86;0,86;0;0;0,86;0;0;0,86;0;0,86;0;0;0;0;0,267;0,133;0,133;0;0;2,607;13;73;0
0;0;0;0;0;0;0;0;0;0;0;0;0;0;0;0;0;0;0;0;0;0;0;0;0;0;0;0;0;0;0;0;0;0;0;0;0;0;0;0;0;0;0;0;0;0;0;0;0;0;0;0;0;0;1;1;5;0
0;0;0,66;0;0;0;0;0;0;0;0;0;0;0;0;0;0;0;2,66;0;0;0;0;0;0;0;0;0;0;0;0;0;0;0;0;0;0;0;0;0;0;0;0;0;0,66;0;0;0;0;0,231;0;0,231;0;0;1,761;17;37;0
0;0;0,14;0;0,14;0;0,14;0;0,57;0,14;0,14;0;0;0;0;0,86;0;0,57;0,57;0;0;0;0;0;0;0;0;0;0;0;0;0;0;0;0;0;0;0;0;0;0;0;0;0;0;0;0;0;0;0,06;0;0,826;0,745;0;5,456;72;1315;1
0;0;0;0;0;0,32;0;0;0;0;0;0;0;0;0;0;0,96;0;0;0;0;0;0;0;0;0;0;0;0;2,24;0;0;0;0;0;0;0;0;0,32;0;0;0;0;0;0;0;0;0;0,18;0,27;0,045;0;0;0;2;14;178;1
0,54;0;0;0;2,16;0;0;0,54;0;1,08;0;0;0;0;0;0;1,08;0;2,7;0;0,54;0;0;0;0;0;0;0;0;0;0;0;0;0;0;0;0,54;0;0;0;0;0;0;0;0;0;0;0;0;0,051;0;0;0;0;1,49;19;82;1
0,27;0,27;0,55;0;0,27;0,27;0;1,37;0,27;0,82;0,27;0,55;0;0;0;0;1,37;0,55;1,65;2,2;3,03;0;0;0;0;0;0;0;0;0;0;0;0;0;0;0;0;0;0;0,27;0;0;0;0;0;0;0;0;0;0,28;0;1,029;0,093;0;3,621;63;344;1
0;0;0;0;0;0;0;0;0;0;0;0;0;0;0;0;0;0;0;0;2,12;0;0;0;2,12;0;0;4,25;0;0;0;0;2,12;0;2,12;0;0;0;0;0;0;0;0;0;2,12;0;0;0;0;0,714;0;0;0;0;2,708;15;65;0
0;0;0;0;0;0;0;0;0;0;0;0,91;0;0;0;0;0;0,91;0,91;0;0,45;0;0;0;2,73;3,19;0,91;0,45;0;0;0;0;0;0;0,45;0;0,45;0;0;0;0;0;0;0;0;0;0;0;0,075;0,151;0;0;0;0;2,158;20;136;0
0;0;0,21;0;0,21;0;0;0;0;0;0;0,84;0;0;0;0,21;0;0;0;0;0;0;0;0;0;0;0;0,42;0;0;0;0;0;0;0;0,42;0;0;0,21;0;0;0;0;0;0;1,48;0;0;0;0,057;0;0;0;0;2,807;39;379;1
0;0;0;0;0;0;0;0;0;0;0;0;0;0;0;0;0;0;0;0;0;0;0;0;3,96;2,97;1,98;2,97;0,99;0,99;0,99;0,99;0;0,99;0,99;0,99;0;0;0;0,99;0;0;0,99;0;0,99;0,99;0;0;0;0,479;0;0,239;0;0;2,688;13;121;0
0;0,33;0,16;0;1,15;0,33;0,16;0;0;1,32;0;0,16;0;0,16;0,16;0,99;0;0;2,8;0;2,31;0;0,33;0;0;0;0,16;0;0;0;0;0;0;0;0;0;0,49;0;0;0;0;0;0;0;0,33;0;0;0;0;0,126;0;0,076;0,076;0,025;3,401;37;364;0
0;0;1,21;0;0;0;0;0;0;0;0;0;0;0;0;0;0;0;0;0;0;0;0;0;0;0;0;0;0;0;0;0;0;0;0;0;0;0;0;0;0;0;0;0;1,21;0;0;0;0,212;0,212;0;0;0,212;0;3,272;24;72;1
0;0,54;0;0;0;0;1,08;0;0;0,54;0,54;0,54;0;0;0;2,17;0;0,54;3,26;0;1,08;0;0;0;0;0;0;0;0;0;0;0;0;0;0;0;0;0;0;0;0;0;0;0;0,54;0;0;0;0;0;0;0,347;0;0;1,325;5;53;1
0;0;0;0;0;0;0;0;0;0;0;0;0;0;0;0;0;0;0;0;0;0;0;0;0;0;20;0;0;0;0;0;0;0;0;0;0;0;0;0;0;0;0;0;0;0;0;0;0;0;0;0;0;0;1;1;5;0
0;0;0;0;0;0;0;0;0;0;0;0,69;0;0;0;0,69;0;0;2,79;0;0,69;0;0;0;2,09;0;0;0;0;1,39;0;0;0;0;0;0;0;0;0;0;0;0;0;0;0,69;1,39;0;0;0;0,221;0;0;0;0;2,184;12;83;0
0;0;0;0;0;0;0;0;0;0;0;0;0;0;0;0;0;0;0;0;0;0;0;0;0;0;14,28;0;0;0;0;0;0;0;0;0;0;0;0;0;0;0;0;0;0;0;0;0;0;0;0;0;0;0;1;1;7;0
0;0;0;0;0;0;0;0;0;0;0;0;0;0;0;0;0;0;0;0;0;0;0;0;0;0;0;0;0;0;0;0;0;0;0;0;0;0;0;0;0;0;0;0;0;0;0;0;0;0;0;0;0;0;1;1;5;0
0;0,57;0,57;0;1,14;0,57;2,28;0;0;0,57;0;0,57;0;0;0;0;0;0,57;3,42;0;1,14;0;0;0;0;0;0;0;0;0;0;0;0;0;0;0;0;0;0;0;0;0;0;0;0,57;0;0;0;0;0,081;0;0,487;0;0,081;16,217;147;373;1
0,27;0;0,27;0;0;0;0;0;0;0;0;0,81;0;0;0;0;0;0;0,54;0;0,27;0;0;0;9,83;0,81;0,54;0,27;0,27;0,27;0,27;0,27;0;0,27;0,27;0,27;0,54;0;0,27;0,27;0;0,54;0,54;0;0,54;0;0;0;1,411;1,411;0,041;0;0;0;4,891;20;675;0
0,05;0;0,45;0;0,16;0,11;0;0;0,62;0;0;0,16;0;0;0;0;0;0,05;0,22;0;0,16;0;0;0;0,62;0,67;0,05;0;0;0;0;0;0,9;0;0;0;0,67;0;0;0;0;0;0;0;0;0;0;0;0,121;0,162;0,04;0;0,016;0;2,887;45;875;0
0;0;0;0;2,43;0;0;0;0;0;0;0;0;0;0;0;0;0;2,43;0;0;0;0;0;0;0;2,43;0;0;0;0;0;0;0;0;0;0;0;0;0;0;0;0;0;0;0;0;0;0;0,442;0;0;0;0;1,2;3;12;0
0;0;0;0;0;0;0;0;0;0;0;0;0;0;0;0;0;0;0;0;0;0;0;0;0;0;1,23;0;0;0;0;0;0;0;0;0;0;0;0;0;0;0;0;0;0;0;0;0;0;0;0,186;0;0;0;3,677;28;114;0
0;0;0;0;0;0;0;0;0;0;0;0;0;0;0;0;0;0;0;0;0;0;0;0;0;0;0;0;0;0;0;0;0;0;0;0;0;0;0;0;0;3,84;0;0;3,84;0;0;0;0;0;0;0;0;0;1;1;4;0
0;0,09;0,14;0;1,04;0,09;0,09;0;0,79;0;0,04;0,29;0,19;0;0;0;0,14;0,04;1,53;0,24;1,23;0;0,29;0,04;0;0;0;0;0;0;0;0;0;0;0;0;0;0;0;0;0;0;0,04;0;0,04;0;0;0;0,015;0,119;0,007;0,431;0,111;0;3,37;87;1645;1
0;0;0;0;0;0;0;0;0;0;0;0;0;0;0;0;0;0;6,55;0;1,63;0;0;0;0;0;0;0;0;0;0;0;0;0;0;0;0;0;0;0;0;0;0;0;0;0;0;0;0;0;0;0;0;0;1;1;13;1
0;0;0;0;0;0;0;0;0;0;0;1,36;0;0;0;0;0;0;4,1;0;0;0;0;0;0;0;0;0;0;0;0;0;0;0;0;0;0;0;1,36;0;0;0;0;0;1,36;1,36;0;0;0;0;0;0,234;0;0;2,076;15;27;0
0;0;0,47;0;0,47;0,47;0,47;0;0;2,38;0;0,95;0,47;0;0;0;0,47;0;1,9;0;0;0;4,76;0;0;0;0;0;0;0;0;0;0;0;0;0;0,47;0;0;0;0;0;0;0;0;0;0;0;0;0,266;0;0,621;0,799;0,088;36,642;148;513;1
0;0;0;0;0;0;0;0;0;0;0;0;0,86;0,86;0;0;0;0;0;0;0;0;0;0;3,44;2,58;1,72;0,86;0,86;0,86;0,86;0,86;0;0,86;0,86;0,86;1,72;0;1,72;0,86;0;0;1,72;0;1,72;0;0;0;0;0,27;0,135;0,135;0;0;2,288;13;103;0
0,34;0;1,7;0;1,02;0;0;0;0,68;1,02;0;0;0;0;0;0;0;0;0,34;1,02;0,68;0;0;0;0,34;0;0;0;0;0;0;0;0;0;0;0;0;0;0;0;0;0;0;0;0;0;0;0;0;0;0;0,902;0,106;0;664;1327;1328;1
0;0;0;0;0;0;0;0;0;0;0;1,78;0;0;0;0;0;0;0;0;0;0;0;0;0;0;0;0;0;0;0;0;0;0;0;0;0;0;0;0;0;0;1,78;0;0;0;0;0;0;0,336;0;0;0;0;1,909;5;21;0
0,33;0;0,33;0;0;0;0,66;0;0;0;0;1,32;0;0;0;0,66;0,99;0;2,64;0;0,99;0;0,66;0;0;0;0;0;0;0;0;0;0;0;0;0;0;0;0,66;0;0;0;0;0;0;0;0;0;0;0,116;0;0,406;0,464;0,348;6,932;43;513;1
0;0;0;0;0;0;0;0;0;0,84;0;0,84;0;0;0;0;0;0;4,2;0;0;0;0;0;1,68;0;0;0;0;0;0;0;0;0;0;0;0;0;0;0;0;0;0;0;0;0;0;0;0;0;0,119;0;0;0;1,454;9;32;0
0;0,34;0,68;0;0;0;0,34;0;0;0,34;0;0;0;0;0,34;0,68;0;1,37;1,03;0;1,03;0;0;0;0;0;0;0;0;0;0;0;0;0;0;0;0;0;0;0;0;0;0;0;0;0;0;0;0;0,094;0;0;0;0;3,131;13;119;1
0;0,74;1,85;0;0;0,37;0;0,37;0,74;1,11;0,37;0,74;0;0,37;0;0,37;0,37;0,37;1,48;0;2,6;0;0;0;0;0;0;0;0;0;0;0;0;0;0;0;1,11;0;0;0;0;0;0;0;0,37;0;0;0;0;0,336;0;1,211;0,471;0,067;18,4;393;736;1
0;0;0,51;0;1,54;0;0;0;0,25;0;0;1,28;0;0;0;0;0;0;0;0;0;0;0;0;0,77;0,25;0;0;1,03;1,8;0;0;0;0;0;0;0,25;0,25;0;0;0;0;0;0;0,25;0;0;0;0;0,039;0;0;0;0;1,767;7;99;0
0;0,18;1,1;0;0,73;0,73;0,73;0,09;0,83;0,27;0,27;0,64;0,27;0;1,47;0,09;0;1,2;1,38;0,18;0,64;0;0,55;0,18;0;0;0;0;0;0;0;0;0;0;0;0;0;0;0;0;0;0;0,18;0;0,09;0,09;0;0;0;0,094;0;0,432;0,135;0,013;8,445;696;1478;1
0;0;0;0,42;0,84;0;0;0,42;0;0;0;0;0;0;0;0;0;0,42;0,42;0;0;0;0;0;0;0;0;0;0;0;0;0;0;0;0;0;0;0;0;0;0;0;0;0;0;0;0;0;0;0,488;0;2,636;0,683;0;3,168;36;301;1
0;1,92;0;0;1,92;0;0;0;0;0;0;1,92;0;0;0;0;0;0;1,92;0;3,84;0;0;0;0;0;0;0;0;0;0;0;0;0;0;0;0;0;0;0;0;0;0;0;0;0;0;0;0;0;0;0;0;0;2,75;12;33;1
0;0;0;0;0;0;0;0;0,83;1,66;0;0;0;0;0;0;0;0;0,83;0;2,5;0;0;0;0;0;0;0;0;0;0;0;0;0;0;0;0;0;0;4,16;0;0;0;0;0;0;0;0;0;0,118;0;0;0;0;1,475;11;59;0
0;0;0;0;0,87;0;0;0;0;0;1,31;0,43;0;0;0;1,75;0;1,31;2,63;0;0,87;0;0;0;0;0;0;0;0;0;0;0;0;0;0;0;0;0;0;0;0;0;0;0;0;0;0;0;0;0,06;0;0,361;0,18;0;1,72;6;86;0
0;0;0;0;0,91;0;0;0;0;0,45;0;0,45;0;0;0;0;0;0;3,21;0,45;0,91;0;0;0;0;0;0;0;0;0;0;0;0;0;0;0;0;0;0;0;0;0;0;0;1,37;0;0;0;0;0;0;0,164;0;0;1,076;4;42;1
0;0;0;0;0;0,57;0;0;0;0;0;0;0;0;0;0;0;0;0,57;0;0;0;0;0;0;0;0;0;0;0;0;0;0;0;0,57;0;0;0;0;0;0;0,57;0;2,31;0;0;0;0;0,089;0,179;0;0,089;0;0;2,204;10;97;0
0;0;0;0;0;0,79;0;0;0;0;0;0;0;0;0;0;0;0;2,38;0;0;0;0;0;0;0;0;0;0;0;0;0;0;0;0;0;0;0;0;0;0;0;0;0;0;0;0;0;0;0,147;0;0;0;0;2,913;27;67;1
0,09;0;0,36;0;0;0;0;0,09;0;0;0,18;1,01;0,18;0;0;0;0,64;0;0;0;0;0;0;0;2,49;0;0;0;0;0;0;0;0;0;0;0,09;0,18;0;0;0;0;0;0;0;0;0;0;0;0,131;0,209;0;0;0,039;0;2,278;24;629;0
0;0;0;0;0,54;0,27;0;1,62;0;1,62;0;0;0;0;0,54;0;0;0,27;2,16;0;2,7;0;0;0;0;0;0;0;0;0;0;0;0;0;0;1,35;0;0;0;1,62;0;0;0;0;0;0;0;0;0;0,038;0,038;0,463;0;0;7,941;65;405;1
0;0,11;0,35;0;1,18;0,47;0,23;0,35;0;0,11;0,11;0,95;0;0,11;0;2,13;0,95;0,23;1,9;0,35;0,35;0;0,59;0,11;0;0;0;0;0;0;0;0;0;0;0;0,35;0;0;0;0,11;0;0;0;0;0;0;0;0;0;0,057;0;0,42;0,191;0,21;8,026;283;1509;1
0,09;0,49;0,59;0;0,39;0,19;0;0;0,09;0,39;0;1,58;0,19;0;0;0;0,09;0;3,75;0;1,08;0;0;0,19;0;0;0;0;0;0;0;0;0;0;0;0;0;0;0;0;0;0;0;0;0;0;0;0;0,778;0,037;0;5,213;0,979;0;5,781;54;740;1
0,23;0;0;0;0,23;0,23;0;0;0;0;0;0,23;0;0;0;0,23;0;0;0,47;0;0;0;0;0;0,47;0,23;0;0;0;0,47;0,23;0;0,47;0;0;0;0,23;0;0;0;0;0;0;0;0;0;0;0;0,107;0,107;0;0;0;0;1,595;8;142;0
0;1,32;0,56;0;0;0,94;0;0,18;0,37;0,75;0;2,07;0;0;0;0;0,37;0;2,45;0;0,94;0;0;0,18;0;0;0,18;0;0;0;0;0;0;0;0;0;0;0;0;0;0;0;0;0;0;0;0;0;0;0,08;0;0,241;0,107;0;2,623;35;244;1
0;0;0;0;0;0;0;0;0;0;0;0;0;0;0;0;0;0;4,44;0;4,44;0;0;0;0;0;0;0;0;0;0;0;0;0;0;0;0;0;0;0;0;0;0;0;2,22;0;0;0;0;0;0;0,383;0;0;1,333;3;8;0
0;0;0;0;0;0,6;0;0;0;0;0;0;0;0;0;0;0;0;0,6;0;0;0;0;0;3,03;0;0;0;0;0;0;0;0;0;0,6;0;0;0;0;0;0;0;0;0,6;0;0;0;0;0;0,092;0;0;0;0;1,568;9;69;0
0,65;0,49;0,32;0;0,32;0,16;0;0,49;0,65;0,49;0,16;1,3;0;0;0,16;1,14;1,3;0,16;3,6;0,49;1,8;0;0;0,49;0;0;0;0;0;0;0;0;0;0;0;0;0;0;0;0;0;0;0;0;0;0,16;0;0;0;0,231;0;0,925;0,231;2,29;5,833;47;595;1
0;0;0;0;0;0;0;0;0;0;0;0;0;0;0;0;0;0;4,76;0;0;0;0;0;0;0;0;0;0;0;0;0;0;0;0;0;0;0;0;0;0;0;0;0;4,76;0;0;0;0;0;0;0;0;0;1,571;3;11;0
0;0,02;0,05;0;0,02;0;0;0,05;0;0,35;0;0,02;0;0;0;0,05;0,1;0,38;0,07;0,2;0,17;0;0;0;0,02;0;0;0;0;0;0;0;0;0;0;0;0;0;0;0;0;0;0;0;0;0;0;0;0;0,004;0;0,107;0,017;0,017;3,922;489;3271;1
0;0;0;0;0;0;0;4;0;0;0;0;0;0;0;4;0;0;4;0;0;0;0;0;0;0;0;0;0;0;0;0;0;0;0;0;0;0;0;0;0;0;0;0;0;0;0;0;0;0;0;0;0;0;7,666;12;23;1
0;0;0,28;0;1,73;0;0;0;0;0;0;0,28;0,57;0,28;0;0;0;0;1,15;0;0,57;0;0;0;0,28;0;0,57;0;0;0,28;0;0;0;0;0;0;0;0;0;0;0;0,28;0;0,28;0,57;0;0;0;0;0,051;0;0,103;0;0;1,411;4;24;0
0;0;0,54;0;0,54;0;0;0;0;0,54;0;0;0;0;0;0,54;0;0;1,64;0;0,54;0;0;0;0;0;0;0;0;0;0;0;0;0;0;0;0;0;0;0;0;0;0;0;0,54;0;0;0;0;0,096;0;1,443;0;0;1,969;16;130;1
0;0;0;0;0;0;0;0;0;0;0;0;0;0;0;0;0;0;12,19;0;4,87;0;0;9,75;0;0;0;0;0;0;0;0;0;0;0;0;0;0;0;0;0;0;0;0;0;0;0;0;0;0;0;0;0;0;1;1;7;0
0;0;0;0;0;0;0;0;0;0;0;1,58;0;0;0;0;0;0;0;0;1,58;0;0;0;0;0;0;0;0;0;0;0;0;0;0;0;0;0;0;0;0;0;0;0;0;1,58;0;0;0;0,287;0;0,287;0;0;1,076;2;14;0
0;0;0;0;0;0;0;0;0;0;0;0;0;0;0;0;0;0;0;0;0;0;0;0;16,66;0;0;0;0;0;0;0;0;0;0;0;0;0;0;0;0;0;0;0;0;0;0;0;0;0;0;0;0;0;3,125;17;25;0
0;0;0;0;0;0;0;0;0;0;0;0;0;0;0;0;0;0;0;0;0;0;0;0;0;0;0;0;0;0;0;0;0;0;0;0;0;0;0;0;0;0;0;0;0;0;0;0;0;0;0;0;0;0;1,125;2;9;0
0;0;0;0;1,43;0;0;0;0;0;0;0;0;0;0;0;0;0;1,43;0;0;0;0;0;0;0;0;0;0;0;0;0;0,71;0;0;0;0;0;0;0;0;2,15;0;0;0;0;0;0;0;0,138;0;0;0;0;1,863;5;41;0
0;0;0;0;0;0;0;1,07;0;0;0;0;0;0;0;0;0;0;0;0;0;0;1,07;0;0;0;0;0;0;0;0;0;0;0;0;0;0;0;0;0;0;0;0;0;1,07;0;0;0;0;0,19;0;0,19;0,38;0;3,6;16;72;1
0;0;0;0;0;0;0;0;0;0;0;0;0;0;0;0;0;0;0;0;0;0;0;0;0;0;0;0;0;0;0;0;0;0;0;0;0;0;0;0;0;0;0;0;0;0;0;0;0;0;0;0;0;0;3,333;8;10;0
0;0;0;0;0;0;0;0;0;1,56;0;0;0;0;0;0;0;0;1,56;0;0;0;0;0;1,56;1,56;0;3,12;0;0;0;0;0;0;0;1,56;0;0;0;0;0;0;0;0;0;0;0;0;0;0,484;0;0;0;0;3;11;81;0
0;0,56;0,28;0;0;0;0,56;0;0;0,56;0,28;0,56;0,28;0;0;1,41;0,28;0;1,97;0;1,12;0;0;0;0;0;0;0;0;0;0;0;0;0;0;0;0;0;0;0;0;0;0;0;0,28;0;0;0;0;0,118;0;0,158;0;0,158;9,25;394;555;1
0;0;0;0;0;0;0;0;0;0;0;0;0;1,8;0;0;0,6;0;1,2;0;0;0;0;0;0;0;0;1,2;0;0;0;0;0;0;0;0;0;0;0;0;0;0;0;0,6;0;1,8;0;0;0;0,299;0;0;0;0,199;2,465;28;106;1
0,5;0,4;0,33;0;0,13;0,03;0,13;0,1;0,54;0,77;0,3;0,7;0,54;1,14;0,03;0,27;0,43;0,03;3,2;0;1,45;0;0,37;0,6;0;0;0;0;0;0;0;0;0;0;0;0;0;0;0;0;0;0;0;0;0,06;0;0;0;0;0,071;0;0,456;0,5;0,11;6,049;129;2220;1
0;0;0,17;0;0;0,08;0;0;0;0;0,08;0,87;0,08;0,08;0;0;0,78;0;0;0;0;0;0;0;3,05;0;0,08;0;0;0;0;0;0,61;0;0;0,08;0,08;0;0;0;0;0;0;0;0;0;0;0;0,079;0,068;0;0;0,022;0;2,432;24;540;0
1,18;0,39;0,59;0;0;0,98;0,19;0,19;1,38;0,39;0;0,98;0;0,19;0;0,98;0;0;2,56;0,39;1,38;0;0;1,38;0;0;0;0;0;0;0;0;0;0;0;0;0;0;0;0;0;0;0;0;0;0;0;0;0;0,23;0;0,741;0,306;0,025;6,652;76;632;1
0;0;1,06;0;0;0;0;0;2,12;0;0;0;0;0;0;0;0;0;3,19;0;0;0;0;0;0;0;0;0;0;0;0;0;0;0;0;0;0;0;0;0;0;0;0;0;1,06;0;0;0;0;0;0;0;0,353;0;3,904;12;82;1
0;0;0;0;0;0;0;0;0;0;0;0;0;0;0;0;0;0;0;0;0;0;0;0;0;0;0;0;0;0;0;0;0;0;0;0;0;0;0;0;0;0;0;0;0;0;0;0;0;0,344;0;0;0;0;1,88;13;47;0
0;0,22;0;0;0,22;0;0;0,22;0;0,45;0;0,22;0;1,59;0;0;0,22;0;1,36;0;0;0;0;0;0,68;0;0,22;0;0;0;0,22;0;0;0;0,22;0;0,45;0;0;0;0;0;0;0;0;0;0;0;0;0,053;0;0;0;0;4,964;152;705;0
0;0;0;0;0;0;0;0;0;0;0;3,27;0;0;0;0;0;0;0;0;0;0;0;0;0;0,81;0;0;0;0;0;0;0;0;0;0;0;0;0;0;0;0;0;0;0;0;0,81;0;0,232;0,116;0;0;0;0;1,976;9;83;0
0,15;0,3;0,45;0;0,76;0,3;0;0;1,52;1,52;0,15;1,98;0,3;0;0,61;0,3;0;1,52;2,14;0,15;2,44;0;0,76;0,3;0;0;0;0;0;0;0;0;0;0;0;0;0;0;0;0;0;0;0;0;0;0;0;0;0;0,025;0;1,051;0,225;0,05;6,686;217;896;1
0;0;0;0;0;0;0;0,86;0;0;0;2,58;0;0;0;0;0,86;0;2,58;0;0;0;0;0;1,72;0;0;0;0;0,86;0;0;0;0;0;0,86;0;0;0;0;0;0;0;0;0;0;0;0;0;0;0;0,141;0;0;1,535;8;43;0
0;0,66;0,66;0;0,33;0;0;0;0;0;0;0,66;0;0;0;0,33;0;1,32;2,64;0;1,32;0;0;0;0;0;0;0;0;0;0;0;0;0;0;0;0;0;0;0;0;0;0;0;0,33;0;0;0;0;0,053;0;0,583;0;0;4,024;121;326;1
0;0;0;0;0;0;0;0;0;0;0;2,7;0;0;0;0;0;0;2,7;0;2,7;0;0;0;0;0;0;0;0;0;0;0;0;0;0;0;0;0;0;0;0;0;0;0;0;0;0;0;0;0;0;0,444;0;0;2,8;7;28;0
0;0;0;0;0;0;0;0;0;0;0;0;0;0;0;0;0;0;7,89;0;0;0;0;0;0;0;0;0;0;0;0;0;0;0;0;0;0;0;0;0;0;0;0;0;2,63;0;0;0;0;0;0;0;0;0;1;1;12;0
0,1;0,1;0,7;0;0,6;0,2;0,4;0,1;1,41;0,8;0,1;0,5;0;0;0;0,1;0;1,11;2,22;0,4;1,92;0;0;0,3;0;0;0;0;0;0;0;0;0;0;0,1;0;0;0;0,1;0;0;0;0;0;0;0;0;0;0;0;0,26;0,991;0,39;0,032;3,173;56;1044;1
0;0;0,24;0;0;0;0;0;0;0,48;0;0,24;0;0;0;0;0,48;0,24;0,72;0,48;0,72;0;0;0;1,69;0;0;0;0;0;0;0;0;0;0;0;0;0;0;0;0;0;0;0;0;0;0;0;0;0,035;0;0;0;0;3,179;87;283;0
0;0;0,32;0;0,64;0,64;0,64;0,32;0,32;0;0;0,32;0,32;0;0;0,32;0,32;0,32;2,25;0;3,21;0;0;0,32;0;0;0;0;0;0;0;0;0;0;0;0;0;0;0;0;0;0;0;0;0,64;0;0;0;0;0,156;0;0;0,156;0;1,752;19;149;1
0;0;0,24;0;0,09;0,04;0;0;0,04;0;0,04;0,69;0;0;0;0,14;0,19;0;0,69;0;0,64;0;0;0;2,04;1,09;0;0,04;0;0,19;0,14;0;0,04;0;0,29;0,09;0,34;0;0;0;0;0;0;0;0,04;0;0;0;0,014;0,148;0;0,014;0,044;0,007;2,112;26;1223;0
0;0;0;0;0;0;0;0;0;0;0;0;0;0;0;0;0;0;6,66;0;0;0;0;6,66;0;0;0;0;0;0;0;0;0;0;0;0;0;0;0;0;0;0;0;0;0;0;0;0;0;0;0;0,537;0;0;2,777;12;25;1
0;0;0;0;0;0;0;0;0;0;0;1,07;0;0;0;0;0;0;0;0;0;0;0;0;0;0;0;0;0;0;0;0;1,07;0;0;0;0;0;0;0;0;0;0;0;0;0;0;0;0;0,216;0;0,216;0;0,216;2,166;6;39;0
0,17;0;0,17;0,44;0,17;0;0;0;0;0;0;0,35;0,52;0,17;0;0,08;0,52;0;4,04;0;2,64;1,23;0;0;0;0;0;0;0;0;0;0;0;0;0;0;0,17;0;0;0;0;0;0;0;0;0;0;0;0,709;0,105;0;0;0;0;2,039;18;414;1
0;0;0;0;0;0;0;0;0;0;0;0;0;0;0;0;0;0;0,72;0;0;0;0;0;0,72;0,72;0;2,17;0;0;0;0;0;0;1,44;0;0;0;0;0;0;0;0;0,72;0;0;0,72;0;0;0,204;0;0,306;0,102;0;2,538;22;99;0
0,22;0;0,07;0;0,07;0,07;0;0,14;0;0,36;0;0,51;0,44;0,07;0;0;0,29;0,07;0,07;0;0,07;0;0;0;1,99;0;0;0;0,29;0,29;0;0;0;0;0;0,14;0,07;0,07;0;0;0;0;0;0;0;0;0;0;0,041;0,031;0;0,031;0;0;1,912;22;568;0
0,04;0,14;0,29;0;0,04;0,04;0;0,09;0;0,19;0,09;1,04;0;0;0;0;0;0,24;0,09;0;0,04;0;0;0;0,04;0;0;0;0;0,09;0;0;0;0;0;0,09;0,24;0;0;0;0;0;0,04;0;0;0;0;0;0,02;0,16;0,006;0;0;0;2,667;185;1763;0
2,32;0;0;0;0;0,77;0;0;0;0;0;0,77;0;0;0;0;0;0;4,65;0;0;0;0;0;0;0;0;0;0;0;0;0;0;0;0;0;0;0;0;0;0;0;0;0;1,55;0;0;0;0;0;0;0,159;0;0;1,346;4;35;0
0;0;0;0;0;0;0;0;0;0;0;2,4;0;0;0;0;0;0;1,2;0;0;0;0;0;0;0;0;0;0;0;0;0;0;0;1,2;0;0;0;0;0;0;2,4;0;0;0;0;0;0;0;0,166;0;0;0;0;2,2;22;55;0
0,05;0,3;0,4;0;0,1;0,05;0;0,05;0,1;0;0;0,3;0,2;0;0,05;0;0;0,5;1,55;0,3;0,75;0;0,15;0,2;0,05;0,05;0;0;0;0;0;0;0;0;0;0;0;0;0;0;0;0;0;0,05;0,05;0;0;0;0;0,036;0;0,054;0,118;0;2,379;96;583;1
0;0,29;0,29;0;0;0,59;0,29;1,04;1,04;2,22;0,14;1,04;0;0;1,04;0,29;0,74;0;1,63;0,44;0,59;0;1,48;0;0;0;0;0;0;0;0;0;0;0;0;0;0,29;0;0;0,29;0;0;0;0;0;0;0;0;0;0,084;0;0,105;0,21;0,021;10,817;887;1244;1
0;0;0,43;0;0,87;0;0;0;0;0;0;0;0;0;0;0,43;0,87;0;2,62;0;1,31;0,43;0,43;0;0;0;0;0;0;0;0;0;0;0;0;0;0;0;0;0;0;0;0;0;1,31;0;0;0;0;0,072;0;0,577;0,216;0;6,274;90;320;1
0;0,55;0,55;0;2,23;0;0,55;0;0;0;0;0,55;0,55;0;0;0,55;2,79;0;3,91;0;1,67;0;0;0;0;0;0;0;0;0;0;0;0;0;0;0;0;0;0;0;0;0;0;0;0;0;0;0;0;0,258;0;1,207;0,345;0;4,761;140;200;1
0;0;0;0;0;0;3,07;0;0;0;0;0;0;0;0;0;0;0;3,07;0;0;0;0;0;0;0;0;0;0;0;0;0;0;0;0;0;0;0;0;0;0;0;0;0;0;0;0;0;0;0;0;0,251;0;0;3,214;12;45;0
0;0;0;0;0,09;0;0;0;0;0,09;0;0;0;0;0;0;0;0;0;0;0;0;0;0;0;0;0;0;0;0;0;0;0;0;0;0;0;0;0;0;0;0;0;0;0;0;0;0;0;0,032;0;0,016;0;0;24,375;135;3315;1
0;0;0;0;0;0;0;0;0;0;0;0;0;0;0;1,28;0;0;3,84;0;3,84;0;0;0;0;0;0;0;0;0;0;0;0;0;0;0;0;0;0;0;0;0;0;0;1,28;0;0;0;0;0;0;0,23;0,23;0;5,538;41;72;1
0;0;0;0;0;0;7,27;0;0;0;0;0;0;0;0;0;0;0;0;0;0;0;0;0;0;0;0;0;0;0;0;0;0;0;0;0;0;0;0;0;0;0;0;0;0;0;0;0;0;0;0;0,297;0;0;2;8;52;1
0;0;0;0;0;0,37;0;0;0;0;0;0,75;0,37;0;0;0;0,37;0;0;0;0;0;0;0;2,26;0;0;0;0;0;0;0;0;0;0;0;0,37;0;0;0;0;0;0;0;0;0;0;0;0;0,387;0;0;0,331;0;2,287;14;167;0
0;0;0;0;0;0,6;0;0;0;1,21;0;0;0;0;0;0,6;0;0;1,21;0;0;0;0,6;0;0;0;0;0;0;0;0;0;0;0;0;0;0;0;0;0;0;0;0;0;0;0;0;0;0,207;0,518;0,414;0,31;0;0;4,897;17;191;1
0;0;0;0;0;0;0;0;0;0;0;0;0;0;0;0;0;0;0;0;0;0;0;0;0;0;0;0;0;0;0;0;0;0;0;0;0;0;0;0;0;0;0;0;0;0;0;0;0;0;0;0;0;0;1;1;4;0
0;0;0;0;0;1,63;0;0;0;0;0;0;0;0;0;0;0;0;0;0;0;0;0;0;0;0;1,63;0;0;0;0;0;0;0;0;0;0;0;0;0;0;0;0;0;1,63;0;0;0;0;0;0;0;0;0;1,25;4;15;0
0;0;0;0;0;0;0;0;0;0;0;0;0;0;0;0;0;0;1,62;0;0,81;0;0;0;0,81;0;2,43;0;0;0;0;0;0;0;0;0;0,81;0;0,81;0;0;0;0,81;0;0;0;0;0;0;0,135;0;0,406;0;0,135;1,958;17;94;0
0;0;0;0;0,69;0;0;0;0;0;0;0;0;0;0;0;0;0;0,69;0;0;0;0;0;2,08;0,69;0;0;0;0;0;0;0;0;0;0;0,69;0;0;0;0;0;0;0;0;0;0;0;0;0,284;0;0,284;0,094;0;2;11;60;0
0,44;0;0,88;0;0,44;1,32;0;0;0;0;0;0;0;0;0;0;0;0,44;1,76;0;2,2;0;2,2;0;0;0;0;0;0;0;0;0;0;0;0;0;0;0;0;0;0;0;0;0;0;0;0;0;0,222;0;0;0,444;0,37;0;2,413;16;140;1
0,23;0,23;0,47;0;0,7;0,23;0,23;1,41;0,23;0,47;0,23;0,47;0;0;0;0;1,41;0,47;0,94;1,89;3,3;0;0;0;0;0;0;0;0;0;0;0;0;0;0;0;0;0;0;0,47;0;0;0;0;0,23;0;0;0;0;0,075;0;1,289;0,151;0;6,529;276;666;1
0;0,3;0,75;0;0,3;0;0,15;0;0;0,45;0,15;0;0,15;0;0,15;0,15;0;0,75;0,15;0,15;0,6;0;0;0;0;0;0;0,15;0;0;0;0;0,15;0;0;0;0;0;0;0;0;0;0;0;0;0;0;0;0;0,02;0;0,352;0,02;0,041;5,938;149;1057;1
0;0;0;0;0;0;0;0;0;0;0;0;0;0;0;0;0;0;1,29;0;0;0;0;0;1,29;1,29;1,29;0;0;0;1,29;0;0;0;0;0;0;0;1,29;0;0;0;0;0;1,29;0;0;0;0;0,234;0;0;0;0;1,857;8;39;0
0,14;0;0,29;0;1,17;0,58;0,14;0,58;0;0,43;0;0,14;0;0;0,14;0,29;1,46;2,05;1,9;0;1,02;0;0;0,29;0;0;0;0;0;0;0;0;0;0;0;0;0;0;0;0,43;0;0;0;0;0;0;0;0;0;0,097;0;0,558;0,024;0;1,517;12;217;1
0;0;0;0;0;0;0;0;0;0;0;0;0;0;0;0;0;0;0;0;0;0;0;0;0;0;0;0;0;0;0;0;0;0;0;0;0;0;0;0;0;0;0;0;0;0;0;0;0;0;0;0;0;0;1,166;2;7;0
0,49;0;0;0;0,49;0,49;0;0,49;0;0;0;0,49;0,99;0;0;0;0;0;0,49;0;0;0;0;0;2,48;0,99;0;0;0,99;0,99;0;0;0;0;0;0,49;0,49;0;0;0;0;0;0;0;0;0;0;0,49;0;0,145;0;0;0;0;1,641;10;87;0
0;0;0;0;0,26;0,26;0;0;0;0,26;0;0,26;0;0;0;0,26;0;0;2,08;0;2,6;0;0;0;0,26;0;0;0;0;0;0,26;0;0;0;0;0;0;0;0;0;0;0;0,26;0;0,26;0;0;0;0,037;0;0;0;0;0;2,545;18;168;0
0,34;0,42;0,25;0;0,08;0,42;0,08;0,25;0,08;1,63;0,34;0,51;0,94;0;0,17;0,08;0;0;3;0;0,94;0;0,34;0,34;0;0;0;0;0;0;0;0;0;0;0;0;0;0;0;0;0;0;0;0;0,17;0;0;0;0;0,063;0;0,287;0,223;0,079;3,314;62;537;1
0,74;0;0;0;0;0;0,74;0;0;1,49;0,74;0,74;0;0;0;0,74;3,73;0;4,47;0;0,74;0;0,74;0;0;0;0;0;0;0;0;0;0;0;0;0;0;0;0;0;0;0;0;0;0;0;0;0;0;0;0;0,355;0,118;0,236;2,15;7;43;1
0;0;0;0;0;0;0;0;0;0;0;0;0;0;0;0;0;0;0;0;0;0;0;0;0;0;0;0;0;0;0;0;0;0;0;0;0;0;0;0;0;0;0;0;0,68;0;0;0;0;0,112;0;0;0,903;0;2,285;14;80;0
0,34;0,26;0,26;0;0,08;0,43;0,08;0,26;0,08;1,47;0,34;0,52;0,95;0;0,17;0,08;0;0;3,03;0;0,78;0;0,34;0,34;0;0;0;0;0;0;0;0;0;0;0;0;0;0;0;0;0;0;0;0;0,17;0;0;0;0;0,048;0;0,259;0,259;0,064;3,335;62;537;1
0;0;0;0;1,85;0;0;0;0;0;0;0;0;0;0;0;0;0;1,85;0;0;0;0;0;1,85;3,7;0;3,7;0;0;0;0;0;0;3,7;0;0;0;0;0;0;0;0;0;0;0;0;0;0;0,544;1,634;0;0;0;2,352;11;40;0
0,09;0;0,27;0;0,36;0,09;0;0,18;0,09;0;0;0,82;0;0,36;0;0;0;0;2,01;0;3,38;0;0,36;0,09;0;0;0;0;0;0;0;0;0;0;0;0;0;0;0;0;0;0;0;0;0,27;0;0;0;0,015;0,046;0,03;0,246;0,03;0,03;3,771;69;528;1
0,26;0,26;0,52;0;0,39;0;0,39;0,13;0;0,26;0;0,78;0,26;0;0;1,57;0;0,26;2,61;0;1,57;0;0,13;0,39;0;0;0;0;0;0;0;0;0;0;0;0;0,13;0;0;0;0;0;0;0;0;0;0;0;0;0,129;0;0,779;0,021;0,021;2,689;49;476;1
0;0;0;0;0;0;0;0;0;1,57;0;4,72;0;0;0;0;0;0;1,57;0;0;0;0;0;0,78;0,78;0;1,57;0;0;0;0;0;0;0;0,78;0;0;0;0;0;0;0;0;0;0;0;0;0;0,268;0;0;0;0;2,885;11;101;0
0;0,28;0;0;1,4;0;0,28;0,28;0;0,56;0;0,84;0;0;0;0,28;0;0;1,68;0;1,96;0;0;0;0;0;0;0;0;0;0;0;1,4;0;0;0;0;0,28;0;0;0;0;0;0,28;0,28;0;0;0;0;0,137;0,068;0,034;0;0;5,635;114;603;1
0;0;0;0;0;0;0;0;0;0;0;0;0;0;0;0;0;0;0;0;0;0;0;0;0;0;0;0;0;0;0;0;0;0;0;0;0;0;0;0;0;0;0;0;0;0;0;0;0;0;0;0;0;0;1;1;2;0
0;1,38;1,38;0;0;0;0;0;0;1,38;0;0;0;0;0;0;0;0;9,72;0;1,38;0;0;0;0;0;0;0;0;0;0;0;0;0;0;0;0;0;0;0;0;0;0;0;1,38;0;0;0;0;0;0;0;0;0;2,052;21;39;0
0,07;0;0,29;0;0,07;0,07;0;0;0,74;0;0;0,22;0;0,07;0;0;0;0,07;0,29;0;0,22;0;0;0;0,67;0,74;0,07;0;0;0;0;0;1,63;0;0;0;0,59;0;0;0;0;0;0,07;0;0;0;0;0;0,163;0,228;0,032;0;0,021;0;3,03;45;706;0
0;0;0,38;0;0,38;0,38;0,38;0;0,38;1,94;0;1,16;0;0;0;0,38;0,77;0,77;2,72;0;1,16;0;0;0;0;0;0;0;0;0;0;0;0;0;0;0;0;0;0;0,38;0;0;0;0;0;0;0;0;0;0;0;0,057;0,057;0;7,121;70;235;1
0;0,56;0,56;0;2,25;0;1,12;0;0;0;0;0,56;0,56;0;0;0,56;2,82;0;3,95;0;1,69;0;0;0;0;0;0;0;0;0;0;0;0;0;0;0;0;0;0;0;0;0;0;0;0;0;0;0;0;0,247;0;1,32;0,33;0;5,135;140;190;1
0;0;0;0;0,52;0;0,26;0,52;0;0,26;0,26;0,52;0;0;0;0,26;1,56;0,26;1,82;2,08;0,26;0;0;0;0;0;0;0;0;0;0;0;0;0;0;0;0;0;0;0;0;0;0;0;0;0;0;0;0;0,073;0;0,813;0,036;0,147;2,145;38;339;1
